prefill_chunk,kv_prefill,n_decode,kv_decode,time_us
0,0,1,16,12.419031752123077
0,0,1,64,12.487781752123077
0,0,1,256,12.547781752123077
0,0,1,1024,13.272781752123075
0,0,1,4096,17.10278175212308
0,0,1,16384,32.942781752123075
0,0,2,16,16.38028175212308
0,0,2,64,16.517781752123074
0,0,2,256,16.637781752123075
0,0,2,1024,18.087781752123075
0,0,2,4096,25.747781752123082
0,0,2,16384,57.427781752123074
0,0,8,16,40.14778175212308
0,0,8,64,40.69778175212308
0,0,8,256,41.177781752123074
0,0,8,1024,46.97778175212307
0,0,8,4096,77.6177817521231
0,0,8,16384,204.33778175212308
0,0,32,16,136.75556025250913
0,0,32,64,137.4177817521231
0,0,32,256,139.33778175212305
0,0,32,1024,162.53778175212307
0,0,32,4096,285.0977817521231
0,0,32,16384,791.9777817521232
0,0,128,16,517.0355602525091
0,0,128,64,535.4741362102858
0,0,128,256,554.4921585289013
0,0,128,1024,647.2921585289013
0,0,128,4096,1137.5321585289014
0,0,128,16384,3165.0521585289016
0,0,256,16,1024.0755602525091
0,0,256,64,1051.3141362102858
0,0,256,256,1115.759476736
0,0,256,1024,1289.7574871571946
0,0,256,4096,2270.237487157195
0,0,256,16384,6325.277487157195
16,0,0,0,15.045560252509091
16,0,1,16,27.46459200463217
16,0,1,64,27.53334200463217
16,0,1,256,27.593342004632166
16,0,1,1024,28.318342004632168
16,0,1,4096,32.14834200463216
16,0,1,16384,47.988342004632166
16,0,2,16,31.425842004632173
16,0,2,64,31.56334200463217
16,0,2,256,31.683342004632163
16,0,2,1024,33.13334200463217
16,0,2,4096,40.79334200463217
16,0,2,16384,72.47334200463217
16,0,8,16,55.19334200463217
16,0,8,64,55.743342004632176
16,0,8,256,56.223342004632165
16,0,8,1024,62.02334200463216
16,0,8,4096,92.66334200463218
16,0,8,16384,219.38334200463217
16,0,32,16,151.8011205050182
16,0,32,64,152.46334200463218
16,0,32,256,154.38334200463214
16,0,32,1024,177.58334200463216
16,0,32,4096,300.1433420046322
16,0,32,16384,807.0233420046322
16,0,128,16,532.0811205050181
16,0,128,64,550.5196964627949
16,0,128,256,569.5377187814104
16,0,128,1024,662.3377187814104
16,0,128,4096,1152.5777187814106
16,0,128,16384,3180.097718781411
16,0,256,16,1039.1211205050183
16,0,256,64,1066.359696462795
16,0,256,256,1130.805036988509
16,0,256,1024,1304.8030474097038
16,0,256,4096,2285.2830474097045
16,0,256,16384,6340.323047409704
16,512,0,0,27.86778175212308
16,512,1,16,40.286813504246155
16,512,1,64,40.355563504246156
16,512,1,256,40.41556350424616
16,512,1,1024,41.14056350424616
16,512,1,4096,44.97056350424616
16,512,1,16384,60.810563504246154
16,512,2,16,44.24806350424616
16,512,2,64,44.38556350424616
16,512,2,256,44.505563504246155
16,512,2,1024,45.95556350424616
16,512,2,4096,53.61556350424616
16,512,2,16384,85.29556350424616
16,512,8,16,68.01556350424616
16,512,8,64,68.56556350424616
16,512,8,256,69.04556350424616
16,512,8,1024,74.84556350424614
16,512,8,4096,105.48556350424616
16,512,8,16384,232.20556350424616
16,512,32,16,164.62334200463218
16,512,32,64,165.28556350424614
16,512,32,256,167.20556350424613
16,512,32,1024,190.40556350424612
16,512,32,4096,312.9655635042462
16,512,32,16384,819.8455635042462
16,512,128,16,544.9033420046322
16,512,128,64,563.3419179624088
16,512,128,256,582.3599402810245
16,512,128,1024,675.1599402810244
16,512,128,4096,1165.3999402810246
16,512,128,16384,3192.9199402810245
16,512,256,16,1051.9433420046323
16,512,256,64,1079.181917962409
16,512,256,256,1143.627258488123
16,512,256,1024,1317.6252689093178
16,512,256,4096,2298.1052689093185
16,512,256,16384,6353.145268909318
16,2048,0,0,60.22778175212308
16,2048,1,16,72.64681350424615
16,2048,1,64,72.71556350424615
16,2048,1,256,72.77556350424615
16,2048,1,1024,73.50056350424614
16,2048,1,4096,77.33056350424616
16,2048,1,16384,93.17056350424615
16,2048,2,16,76.60806350424616
16,2048,2,64,76.74556350424615
16,2048,2,256,76.86556350424615
16,2048,2,1024,78.31556350424616
16,2048,2,4096,85.97556350424615
16,2048,2,16384,117.65556350424615
16,2048,8,16,100.37556350424616
16,2048,8,64,100.92556350424616
16,2048,8,256,101.40556350424615
16,2048,8,1024,107.20556350424614
16,2048,8,4096,137.84556350424617
16,2048,8,16384,264.56556350424614
16,2048,32,16,196.9833420046322
16,2048,32,64,197.64556350424616
16,2048,32,256,199.56556350424614
16,2048,32,1024,222.76556350424613
16,2048,32,4096,345.3255635042462
16,2048,32,16384,852.2055635042461
16,2048,128,16,577.2633420046321
16,2048,128,64,595.7019179624087
16,2048,128,256,614.7199402810244
16,2048,128,1024,707.5199402810243
16,2048,128,4096,1197.7599402810245
16,2048,128,16384,3225.2799402810247
16,2048,256,16,1084.3033420046322
16,2048,256,64,1111.541917962409
16,2048,256,256,1175.987258488123
16,2048,256,1024,1349.9852689093177
16,2048,256,4096,2330.465268909318
16,2048,256,16384,6385.505268909318
16,8192,0,0,145.06778175212307
16,8192,1,16,157.48681350424616
16,8192,1,64,157.55556350424615
16,8192,1,256,157.61556350424615
16,8192,1,1024,158.34056350424615
16,8192,1,4096,162.17056350424613
16,8192,1,16384,178.01056350424616
16,8192,2,16,161.44806350424614
16,8192,2,64,161.58556350424615
16,8192,2,256,161.70556350424613
16,8192,2,1024,163.15556350424615
16,8192,2,4096,170.81556350424617
16,8192,2,16384,202.49556350424615
16,8192,8,16,185.21556350424615
16,8192,8,64,185.76556350424616
16,8192,8,256,186.24556350424615
16,8192,8,1024,192.04556350424616
16,8192,8,4096,222.68556350424618
16,8192,8,16384,349.4055635042462
16,8192,32,16,281.8233420046322
16,8192,32,64,282.48556350424616
16,8192,32,256,284.4055635042461
16,8192,32,1024,307.60556350424616
16,8192,32,4096,430.16556350424617
16,8192,32,16384,937.0455635042462
16,8192,128,16,662.1033420046322
16,8192,128,64,680.5419179624088
16,8192,128,256,699.5599402810245
16,8192,128,1024,792.3599402810244
16,8192,128,4096,1282.5999402810246
16,8192,128,16384,3310.119940281025
16,8192,256,16,1169.1433420046324
16,8192,256,64,1196.381917962409
16,8192,256,256,1260.827258488123
16,8192,256,1024,1434.8252689093179
16,8192,256,4096,2415.3052689093183
16,8192,256,16384,6470.345268909317
64,0,0,0,29.334136210285713
64,0,1,16,41.75316796240879
64,0,1,64,41.82191796240879
64,0,1,256,41.88191796240879
64,0,1,1024,42.60691796240879
64,0,1,4096,46.43691796240879
64,0,1,16384,62.27691796240879
64,0,2,16,45.714417962408795
64,0,2,64,45.85191796240879
64,0,2,256,45.97191796240879
64,0,2,1024,47.42191796240879
64,0,2,4096,55.081917962408795
64,0,2,16384,86.76191796240879
64,0,8,16,69.48191796240879
64,0,8,64,70.0319179624088
64,0,8,256,70.51191796240879
64,0,8,1024,76.31191796240878
64,0,8,4096,106.9519179624088
64,0,8,16384,233.6719179624088
64,0,32,16,166.08969646279485
64,0,32,64,166.7519179624088
64,0,32,256,168.6719179624088
64,0,32,1024,191.87191796240876
64,0,32,4096,314.4319179624088
64,0,32,16384,821.3119179624088
64,0,128,16,546.3696964627948
64,0,128,64,564.8082724205715
64,0,128,256,583.826294739187
64,0,128,1024,676.626294739187
64,0,128,4096,1166.8662947391872
64,0,128,16384,3194.3862947391876
64,0,256,16,1053.409696462795
64,0,256,64,1080.6482724205716
64,0,256,256,1145.0936129462855
64,0,256,1024,1319.0916233674805
64,0,256,4096,2299.571623367481
64,0,256,16384,6354.61162336748
64,512,0,0,63.15926708751516
64,512,1,16,75.57829883963824
64,512,1,64,75.64704883963824
64,512,1,256,75.70704883963823
64,512,1,1024,76.43204883963823
64,512,1,4096,80.26204883963824
64,512,1,16384,96.10204883963823
64,512,2,16,79.53954883963823
64,512,2,64,79.67704883963823
64,512,2,256,79.79704883963824
64,512,2,1024,81.24704883963823
64,512,2,4096,88.90704883963825
64,512,2,16384,120.58704883963824
64,512,8,16,103.30704883963824
64,512,8,64,103.85704883963822
64,512,8,256,104.33704883963823
64,512,8,1024,110.13704883963823
64,512,8,4096,140.77704883963824
64,512,8,16384,267.49704883963824
64,512,32,16,199.91482734002426
64,512,32,64,200.57704883963825
64,512,32,256,202.4970488396382
64,512,32,1024,225.69704883963823
64,512,32,4096,348.2570488396383
64,512,32,16384,855.1370488396383
64,512,128,16,580.1948273400242
64,512,128,64,598.6334032978009
64,512,128,256,617.6514256164165
64,512,128,1024,710.4514256164164
64,512,128,4096,1200.6914256164166
64,512,128,16384,3228.211425616417
64,512,256,16,1087.2348273400244
64,512,256,64,1114.473403297801
64,512,256,256,1178.9187438235151
64,512,256,1024,1352.9167542447099
64,512,256,4096,2333.3967542447103
64,512,256,16384,6388.43675424471
64,2048,0,0,195.09926708751513
64,2048,1,16,207.5182988396382
64,2048,1,64,207.5870488396382
64,2048,1,256,207.6470488396382
64,2048,1,1024,208.37204883963818
64,2048,1,4096,212.20204883963822
64,2048,1,16384,228.0420488396382
64,2048,2,16,211.4795488396382
64,2048,2,64,211.6170488396382
64,2048,2,256,211.73704883963822
64,2048,2,1024,213.18704883963818
64,2048,2,4096,220.8470488396382
64,2048,2,16384,252.52704883963818
64,2048,8,16,235.2470488396382
64,2048,8,64,235.7970488396382
64,2048,8,256,236.27704883963818
64,2048,8,1024,242.0770488396382
64,2048,8,4096,272.7170488396382
64,2048,8,16384,399.4370488396382
64,2048,32,16,331.8548273400242
64,2048,32,64,332.5170488396382
64,2048,32,256,334.4370488396382
64,2048,32,1024,357.63704883963817
64,2048,32,4096,480.19704883963817
64,2048,32,16384,987.0770488396383
64,2048,128,16,712.1348273400242
64,2048,128,64,730.5734032978008
64,2048,128,256,749.5914256164165
64,2048,128,1024,842.3914256164164
64,2048,128,4096,1332.6314256164167
64,2048,128,16384,3360.151425616417
64,2048,256,16,1219.1748273400244
64,2048,256,64,1246.413403297801
64,2048,256,256,1310.858743823515
64,2048,256,1024,1484.8567542447097
64,2048,256,4096,2465.3367542447104
64,2048,256,16384,6520.376754244709
64,8192,0,0,520.3792670875151
64,8192,1,16,532.7982988396383
64,8192,1,64,532.8670488396382
64,8192,1,256,532.9270488396382
64,8192,1,1024,533.6520488396382
64,8192,1,4096,537.4820488396382
64,8192,1,16384,553.3220488396382
64,8192,2,16,536.7595488396382
64,8192,2,64,536.8970488396383
64,8192,2,256,537.0170488396383
64,8192,2,1024,538.4670488396382
64,8192,2,4096,546.1270488396383
64,8192,2,16384,577.8070488396382
64,8192,8,16,560.5270488396382
64,8192,8,64,561.0770488396382
64,8192,8,256,561.5570488396382
64,8192,8,1024,567.3570488396382
64,8192,8,4096,597.9970488396383
64,8192,8,16384,724.7170488396382
64,8192,32,16,657.1348273400242
64,8192,32,64,657.7970488396381
64,8192,32,256,659.7170488396382
64,8192,32,1024,682.9170488396381
64,8192,32,4096,805.4770488396382
64,8192,32,16384,1312.357048839638
64,8192,128,16,1037.4148273400242
64,8192,128,64,1055.8534032978007
64,8192,128,256,1074.8714256164164
64,8192,128,1024,1167.6714256164166
64,8192,128,4096,1657.9114256164166
64,8192,128,16384,3685.4314256164166
64,8192,256,16,1544.4548273400244
64,8192,256,64,1571.693403297801
64,8192,256,256,1636.138743823515
64,8192,256,1024,1810.13675424471
64,8192,256,4096,2790.61675424471
64,8192,256,16384,6845.656754244709
256,0,0,0,154.01947673600003
256,0,1,16,166.4385084881231
256,0,1,64,166.50725848812309
256,0,1,256,166.5672584881231
256,0,1,1024,167.29225848812308
256,0,1,4096,171.12225848812312
256,0,1,16384,186.9622584881231
256,0,2,16,170.3997584881231
256,0,2,64,170.5372584881231
256,0,2,256,170.65725848812312
256,0,2,1024,172.10725848812308
256,0,2,4096,179.7672584881231
256,0,2,16384,211.4472584881231
256,0,8,16,194.1672584881231
256,0,8,64,194.7172584881231
256,0,8,256,195.19725848812308
256,0,8,1024,200.9972584881231
256,0,8,4096,231.6372584881231
256,0,8,16384,358.3572584881231
256,0,32,16,290.7750369885091
256,0,32,64,291.4372584881231
256,0,32,256,293.3572584881231
256,0,32,1024,316.55725848812307
256,0,32,4096,439.11725848812307
256,0,32,16384,945.9972584881231
256,0,128,16,671.0550369885091
256,0,128,64,689.4936129462858
256,0,128,256,708.5116352649013
256,0,128,1024,801.3116352649013
256,0,128,4096,1291.5516352649015
256,0,128,16384,3319.0716352649015
256,0,256,16,1178.0950369885093
256,0,256,64,1205.333612946286
256,0,256,256,1269.778953472
256,0,256,1024,1443.7769638931948
256,0,256,4096,2424.2569638931955
256,0,256,16384,6479.2969638931945
256,512,0,0,215.6574871571948
256,512,1,16,228.07651890931788
256,512,1,64,228.14526890931788
256,512,1,256,228.20526890931788
256,512,1,1024,228.93026890931787
256,512,1,4096,232.76026890931786
256,512,1,16384,248.60026890931786
256,512,2,16,232.0377689093179
256,512,2,64,232.17526890931788
256,512,2,256,232.29526890931785
256,512,2,1024,233.74526890931787
256,512,2,4096,241.4052689093179
256,512,2,16384,273.0852689093179
256,512,8,16,255.8052689093179
256,512,8,64,256.3552689093179
256,512,8,256,256.8352689093179
256,512,8,1024,262.63526890931786
256,512,8,4096,293.2752689093179
256,512,8,16384,419.9952689093179
256,512,32,16,352.4130474097039
256,512,32,64,353.0752689093179
256,512,32,256,354.9952689093179
256,512,32,1024,378.19526890931786
256,512,32,4096,500.75526890931786
256,512,32,16384,1007.635268909318
256,512,128,16,732.6930474097039
256,512,128,64,751.1316233674806
256,512,128,256,770.149645686096
256,512,128,1024,862.9496456860962
256,512,128,4096,1353.1896456860964
256,512,128,16384,3380.709645686097
256,512,256,16,1239.733047409704
256,512,256,64,1266.9716233674806
256,512,256,256,1331.4169638931946
256,512,256,1024,1505.4149743143894
256,512,256,4096,2485.8949743143903
256,512,256,16384,6540.934974314389
256,2048,0,0,516.7374871571949
256,2048,1,16,529.156518909318
256,2048,1,64,529.225268909318
256,2048,1,256,529.285268909318
256,2048,1,1024,530.0102689093179
256,2048,1,4096,533.840268909318
256,2048,1,16384,549.680268909318
256,2048,2,16,533.117768909318
256,2048,2,64,533.2552689093179
256,2048,2,256,533.375268909318
256,2048,2,1024,534.825268909318
256,2048,2,4096,542.4852689093179
256,2048,2,16384,574.165268909318
256,2048,8,16,556.8852689093179
256,2048,8,64,557.435268909318
256,2048,8,256,557.915268909318
256,2048,8,1024,563.715268909318
256,2048,8,4096,594.3552689093179
256,2048,8,16384,721.075268909318
256,2048,32,16,653.493047409704
256,2048,32,64,654.155268909318
256,2048,32,256,656.0752689093179
256,2048,32,1024,679.2752689093179
256,2048,32,4096,801.835268909318
256,2048,32,16384,1308.715268909318
256,2048,128,16,1033.773047409704
256,2048,128,64,1052.2116233674806
256,2048,128,256,1071.229645686096
256,2048,128,1024,1164.0296456860963
256,2048,128,4096,1654.2696456860965
256,2048,128,16384,3681.7896456860967
256,2048,256,16,1540.813047409704
256,2048,256,64,1568.051623367481
256,2048,256,256,1632.4969638931946
256,2048,256,1024,1806.4949743143898
256,2048,256,4096,2786.9749743143902
256,2048,256,16384,6842.014974314389
256,8192,0,0,1371.977487157195
256,8192,1,16,1384.396518909318
256,8192,1,64,1384.4652689093182
256,8192,1,256,1384.525268909318
256,8192,1,1024,1385.250268909318
256,8192,1,4096,1389.080268909318
256,8192,1,16384,1404.920268909318
256,8192,2,16,1388.3577689093179
256,8192,2,64,1388.495268909318
256,8192,2,256,1388.615268909318
256,8192,2,1024,1390.065268909318
256,8192,2,4096,1397.725268909318
256,8192,2,16384,1429.405268909318
256,8192,8,16,1412.125268909318
256,8192,8,64,1412.675268909318
256,8192,8,256,1413.155268909318
256,8192,8,1024,1418.955268909318
256,8192,8,4096,1449.595268909318
256,8192,8,16384,1576.315268909318
256,8192,32,16,1508.733047409704
256,8192,32,64,1509.395268909318
256,8192,32,256,1511.315268909318
256,8192,32,1024,1534.515268909318
256,8192,32,4096,1657.075268909318
256,8192,32,16384,2163.955268909318
256,8192,128,16,1889.0130474097039
256,8192,128,64,1907.4516233674806
256,8192,128,256,1926.4696456860963
256,8192,128,1024,2019.2696456860963
256,8192,128,4096,2509.5096456860965
256,8192,128,16384,4537.029645686096
256,8192,256,16,2396.053047409704
256,8192,256,64,2423.291623367481
256,8192,256,256,2487.736963893195
256,8192,256,1024,2661.7349743143895
256,8192,256,4096,3642.21497431439
256,8192,256,16384,7697.254974314389
1024,0,0,0,893.2255308210088
1024,0,1,16,905.6445625731319
1024,0,1,64,905.7133125731318
1024,0,1,256,905.7733125731319
1024,0,1,1024,906.4983125731318
1024,0,1,4096,910.3283125731318
1024,0,1,16384,926.1683125731319
1024,0,2,16,909.6058125731319
1024,0,2,64,909.7433125731318
1024,0,2,256,909.8633125731319
1024,0,2,1024,911.3133125731318
1024,0,2,4096,918.9733125731319
1024,0,2,16384,950.6533125731319
1024,0,8,16,933.3733125731318
1024,0,8,64,933.9233125731319
1024,0,8,256,934.4033125731319
1024,0,8,1024,940.2033125731318
1024,0,8,4096,970.8433125731318
1024,0,8,16384,1097.563312573132
1024,0,32,16,1029.9810910735177
1024,0,32,64,1030.6433125731319
1024,0,32,256,1032.563312573132
1024,0,32,1024,1055.7633125731318
1024,0,32,4096,1178.323312573132
1024,0,32,16384,1685.203312573132
1024,0,128,16,1410.261091073518
1024,0,128,64,1428.6996670312947
1024,0,128,256,1447.7176893499102
1024,0,128,1024,1540.51768934991
1024,0,128,4096,2030.7576893499104
1024,0,128,16384,4058.2776893499104
1024,0,256,16,1917.3010910735181
1024,0,256,64,1944.5396670312946
1024,0,256,256,2008.9850075570084
1024,0,256,1024,2182.9830179782034
1024,0,256,4096,3163.463017978204
1024,0,256,16384,7218.503017978203
1024,512,0,0,1410.5789534720004
1024,512,1,16,1422.9979852241236
1024,512,1,64,1423.0667352241235
1024,512,1,256,1423.1267352241234
1024,512,1,1024,1423.8517352241233
1024,512,1,4096,1427.6817352241235
1024,512,1,16384,1443.5217352241234
1024,512,2,16,1426.9592352241234
1024,512,2,64,1427.0967352241234
1024,512,2,256,1427.2167352241233
1024,512,2,1024,1428.6667352241234
1024,512,2,4096,1436.3267352241235
1024,512,2,16384,1468.0067352241233
1024,512,8,16,1450.7267352241233
1024,512,8,64,1451.2767352241233
1024,512,8,256,1451.7567352241233
1024,512,8,1024,1457.5567352241235
1024,512,8,4096,1488.1967352241236
1024,512,8,16384,1614.9167352241234
1024,512,32,16,1547.3345137245096
1024,512,32,64,1547.9967352241233
1024,512,32,256,1549.9167352241234
1024,512,32,1024,1573.1167352241234
1024,512,32,4096,1695.6767352241234
1024,512,32,16384,2202.5567352241233
1024,512,128,16,1927.6145137245094
1024,512,128,64,1946.053089682286
1024,512,128,256,1965.0711120009016
1024,512,128,1024,2057.8711120009016
1024,512,128,4096,2548.1111120009023
1024,512,128,16384,4575.631112000901
1024,512,256,16,2434.65451372451
1024,512,256,64,2461.8930896822867
1024,512,256,256,2526.3384302080003
1024,512,256,1024,2700.336440629195
1024,512,256,4096,3680.8164406291953
1024,512,256,16384,7735.856440629194
1024,2048,0,0,2010.0289534719998
1024,2048,1,16,2022.447985224123
1024,2048,1,64,2022.5167352241226
1024,2048,1,256,2022.5767352241228
1024,2048,1,1024,2023.301735224123
1024,2048,1,4096,2027.131735224123
1024,2048,1,16384,2042.9717352241228
1024,2048,2,16,2026.409235224123
1024,2048,2,64,2026.546735224123
1024,2048,2,256,2026.6667352241227
1024,2048,2,1024,2028.1167352241227
1024,2048,2,4096,2035.7767352241228
1024,2048,2,16384,2067.456735224123
1024,2048,8,16,2050.1767352241227
1024,2048,8,64,2050.726735224123
1024,2048,8,256,2051.206735224123
1024,2048,8,1024,2057.006735224123
1024,2048,8,4096,2087.646735224123
1024,2048,8,16384,2214.3667352241227
1024,2048,32,16,2146.784513724509
1024,2048,32,64,2147.4467352241227
1024,2048,32,256,2149.3667352241227
1024,2048,32,1024,2172.566735224123
1024,2048,32,4096,2295.1267352241225
1024,2048,32,16384,2802.006735224123
1024,2048,128,16,2527.064513724509
1024,2048,128,64,2545.5030896822855
1024,2048,128,256,2564.5211120009008
1024,2048,128,1024,2657.321112000901
1024,2048,128,4096,3147.561112000901
1024,2048,128,16384,5175.081112000901
1024,2048,256,16,3034.104513724509
1024,2048,256,64,3061.3430896822856
1024,2048,256,256,3125.788430207999
1024,2048,256,1024,3299.7864406291947
1024,2048,256,4096,4280.266440629195
1024,2048,256,16384,8335.306440629194
1024,8192,0,0,5407.048953472003
1024,8192,1,16,5419.467985224126
1024,8192,1,64,5419.5367352241265
1024,8192,1,256,5419.596735224126
1024,8192,1,1024,5420.321735224126
1024,8192,1,4096,5424.151735224126
1024,8192,1,16384,5439.991735224126
1024,8192,2,16,5423.429235224126
1024,8192,2,64,5423.566735224126
1024,8192,2,256,5423.686735224126
1024,8192,2,1024,5425.136735224126
1024,8192,2,4096,5432.796735224126
1024,8192,2,16384,5464.476735224126
1024,8192,8,16,5447.196735224126
1024,8192,8,64,5447.7467352241265
1024,8192,8,256,5448.226735224126
1024,8192,8,1024,5454.026735224126
1024,8192,8,4096,5484.666735224127
1024,8192,8,16384,5611.386735224126
1024,8192,32,16,5543.804513724512
1024,8192,32,64,5544.466735224126
1024,8192,32,256,5546.386735224126
1024,8192,32,1024,5569.586735224126
1024,8192,32,4096,5692.146735224126
1024,8192,32,16384,6199.026735224126
1024,8192,128,16,5924.084513724512
1024,8192,128,64,5942.523089682289
1024,8192,128,256,5961.541112000904
1024,8192,128,1024,6054.341112000905
1024,8192,128,4096,6544.581112000904
1024,8192,128,16384,8572.101112000904
1024,8192,256,16,6431.124513724512
1024,8192,256,64,6458.36308968229
1024,8192,256,256,6522.808430208002
1024,8192,256,1024,6696.806440629198
1024,8192,256,4096,7677.286440629198
1024,8192,256,16384,11732.326440629198
2048,0,0,0,2772.6046289944384
2048,0,1,16,2785.0236607465613
2048,0,1,64,2785.092410746561
2048,0,1,256,2785.152410746561
2048,0,1,1024,2785.8774107465615
2048,0,1,4096,2789.7074107465614
2048,0,1,16384,2805.547410746561
2048,0,2,16,2788.9849107465616
2048,0,2,64,2789.1224107465614
2048,0,2,256,2789.2424107465613
2048,0,2,1024,2790.692410746561
2048,0,2,4096,2798.3524107465614
2048,0,2,16384,2830.0324107465613
2048,0,8,16,2812.7524107465615
2048,0,8,64,2813.3024107465617
2048,0,8,256,2813.7824107465613
2048,0,8,1024,2819.5824107465614
2048,0,8,4096,2850.2224107465613
2048,0,8,16384,2976.9424107465616
2048,0,32,16,2909.3601892469474
2048,0,32,64,2910.0224107465615
2048,0,32,256,2911.942410746561
2048,0,32,1024,2935.1424107465614
2048,0,32,4096,3057.702410746562
2048,0,32,16384,3564.5824107465614
2048,0,128,16,3289.6401892469476
2048,0,128,64,3308.0787652047243
2048,0,128,256,3327.09678752334
2048,0,128,1024,3419.8967875233393
2048,0,128,4096,3910.13678752334
2048,0,128,16384,5937.6567875233395
2048,0,256,16,3796.6801892469475
2048,0,256,64,3823.918765204724
2048,0,256,256,3888.3641057304385
2048,0,256,1024,4062.3621161516335
2048,0,256,4096,5042.842116151634
2048,0,256,16384,9097.882116151633
2048,512,0,0,3832.540578620057
2048,512,1,16,3844.95961037218
2048,512,1,64,3845.02836037218
2048,512,1,256,3845.08836037218
2048,512,1,1024,3845.81336037218
2048,512,1,4096,3849.6433603721803
2048,512,1,16384,3865.48336037218
2048,512,2,16,3848.9208603721804
2048,512,2,64,3849.0583603721802
2048,512,2,256,3849.17836037218
2048,512,2,1024,3850.62836037218
2048,512,2,4096,3858.2883603721803
2048,512,2,16384,3889.96836037218
2048,512,8,16,3872.68836037218
2048,512,8,64,3873.23836037218
2048,512,8,256,3873.71836037218
2048,512,8,1024,3879.5183603721803
2048,512,8,4096,3910.1583603721806
2048,512,8,16384,4036.87836037218
2048,512,32,16,3969.296138872566
2048,512,32,64,3969.95836037218
2048,512,32,256,3971.87836037218
2048,512,32,1024,3995.07836037218
2048,512,32,4096,4117.63836037218
2048,512,32,16384,4624.51836037218
2048,512,128,16,4349.576138872566
2048,512,128,64,4368.014714830342
2048,512,128,256,4387.032737148958
2048,512,128,1024,4479.832737148959
2048,512,128,4096,4970.072737148959
2048,512,128,16384,6997.592737148959
2048,512,256,16,4856.616138872567
2048,512,256,64,4883.854714830342
2048,512,256,256,4948.300055356057
2048,512,256,1024,5122.298065777251
2048,512,256,4096,6102.778065777252
2048,512,256,16384,10157.81806577725
2048,2048,0,0,5033.830578620058
2048,2048,1,16,5046.2496103721805
2048,2048,1,64,5046.318360372181
2048,2048,1,256,5046.37836037218
2048,2048,1,1024,5047.103360372181
2048,2048,1,4096,5050.933360372181
2048,2048,1,16384,5066.773360372181
2048,2048,2,16,5050.210860372181
2048,2048,2,64,5050.348360372181
2048,2048,2,256,5050.4683603721805
2048,2048,2,1024,5051.91836037218
2048,2048,2,4096,5059.57836037218
2048,2048,2,16384,5091.2583603721805
2048,2048,8,16,5073.978360372181
2048,2048,8,64,5074.528360372181
2048,2048,8,256,5075.0083603721805
2048,2048,8,1024,5080.808360372181
2048,2048,8,4096,5111.448360372181
2048,2048,8,16384,5238.16836037218
2048,2048,32,16,5170.586138872567
2048,2048,32,64,5171.24836037218
2048,2048,32,256,5173.16836037218
2048,2048,32,1024,5196.368360372181
2048,2048,32,4096,5318.928360372181
2048,2048,32,16384,5825.808360372181
2048,2048,128,16,5550.866138872567
2048,2048,128,64,5569.304714830343
2048,2048,128,256,5588.322737148958
2048,2048,128,1024,5681.1227371489595
2048,2048,128,4096,6171.362737148959
2048,2048,128,16384,8198.882737148959
2048,2048,256,16,6057.906138872567
2048,2048,256,64,6085.144714830343
2048,2048,256,256,6149.590055356058
2048,2048,256,1024,6323.588065777252
2048,2048,256,4096,7304.068065777253
2048,2048,256,16384,11359.10806577725
2048,8192,0,0,11869.65921285436
2048,8192,1,16,11882.078244606484
2048,8192,1,64,11882.146994606484
2048,8192,1,256,11882.206994606484
2048,8192,1,1024,11882.931994606482
2048,8192,1,4096,11886.761994606482
2048,8192,1,16384,11902.601994606483
2048,8192,2,16,11886.039494606484
2048,8192,2,64,11886.176994606483
2048,8192,2,256,11886.296994606484
2048,8192,2,1024,11887.746994606483
2048,8192,2,4096,11895.406994606483
2048,8192,2,16384,11927.086994606483
2048,8192,8,16,11909.806994606484
2048,8192,8,64,11910.356994606484
2048,8192,8,256,11910.836994606483
2048,8192,8,1024,11916.636994606484
2048,8192,8,4096,11947.276994606484
2048,8192,8,16384,12073.996994606485
2048,8192,32,16,12006.41477310687
2048,8192,32,64,12007.076994606485
2048,8192,32,256,12008.996994606483
2048,8192,32,1024,12032.196994606484
2048,8192,32,4096,12154.756994606483
2048,8192,32,16384,12661.636994606482
2048,8192,128,16,12386.694773106869
2048,8192,128,64,12405.133349064647
2048,8192,128,256,12424.151371383263
2048,8192,128,1024,12516.95137138326
2048,8192,128,4096,13007.191371383262
2048,8192,128,16384,15034.711371383262
2048,8192,256,16,12893.73477310687
2048,8192,256,64,12920.973349064645
2048,8192,256,256,12985.41868959036
2048,8192,256,1024,13159.416700011556
2048,8192,256,4096,14139.896700011555
2048,8192,256,16384,18194.936700011553
