prefill_chunk,kv_prefill,n_decode,kv_decode,time_us
0,0,1,16,17.854197655131262
0,0,1,64,20.64009531026253
0,0,1,256,36.58377531026253
0,0,1,512,57.84201531026253
0,0,1,1024,106.61071531026253
0,0,1,2048,204.14811531026257
0,0,1,3072,301.6855153102626
0,0,1,4096,399.2229153102624
0,0,1,8192,399.480150620525
0,0,1,16384,399.99462124105014
0,0,2,16,18.010495310262527
0,0,2,64,20.92501062052506
0,0,2,256,36.86869062052506
0,0,2,512,58.12693062052505
0,0,2,1024,106.89563062052507
0,0,2,2048,204.43303062052505
0,0,2,3072,301.97043062052506
0,0,2,4096,399.5078306205251
0,0,2,8192,400.0223012410501
0,0,2,16384,401.0512424821002
0,0,8,16,18.94828124105012
0,0,8,64,22.634502482100235
0,0,8,256,38.57818248210024
0,0,8,512,59.83642248210023
0,0,8,1024,108.60512248210024
0,0,8,2048,206.1425224821002
0,0,8,3072,303.6799224821002
0,0,8,4096,401.2173224821002
0,0,8,8192,403.2752049642004
0,0,8,16384,407.39096992840086
0,0,32,16,22.699424964200478
0,0,32,64,29.472469928400955
0,0,32,256,45.416149928400955
0,0,32,512,66.67438992840096
0,0,32,1024,115.44308992840095
0,0,32,2048,212.98048992840094
0,0,32,3072,310.51788992840096
0,0,32,4096,408.0552899284009
0,0,32,8192,416.2868198568019
0,0,32,16384,831.2449997136038
0,0,128,16,38.1468798568019
0,0,128,64,77.17951971360382
0,0,128,256,109.06687971360381
0,0,128,512,151.5833597136038
0,0,128,1024,249.12075971360383
0,0,128,2048,444.1955597136038
0,0,128,3072,639.2703597136037
0,0,128,4096,834.3451597136037
0,0,128,8192,1664.2615194272078
0,0,128,16384,3324.094238854415
0,0,256,16,76.2937597136038
0,0,256,64,154.35903942720765
0,0,256,256,218.13375942720762
0,0,256,512,303.1667194272076
0,0,256,1024,498.24151942720766
0,0,256,2048,888.3911194272076
0,0,256,3072,1278.5407194272075
0,0,256,4096,1668.6903194272074
0,0,256,8192,3328.5230388544155
0,0,256,16384,6648.18847770883
0,0,512,16,152.5875194272076
0,0,512,64,308.7180788544153
0,0,512,256,436.26751885441524
0,0,512,512,606.3334388544152
0,0,512,1024,996.4830388544153
0,0,512,2048,1776.7822388544153
0,0,512,3072,2557.081438854415
0,0,512,4096,3337.380638854415
0,0,512,8192,6657.046077708831
0,0,512,16384,13296.37695541766
0,0,1024,16,305.1750388544152
0,0,1024,64,617.4361577088306
0,0,1024,256,872.5350377088305
0,0,1024,512,1212.6668777088305
0,0,1024,1024,1992.9660777088307
0,0,1024,2048,3553.5644777088305
0,0,1024,3072,5114.16287770883
0,0,1024,4096,6674.76127770883
0,0,1024,8192,13314.092155417662
0,0,1024,16384,26592.75391083532
0,0,2048,16,610.3500777088304
0,0,2048,64,1234.8723154176612
0,0,2048,256,1745.070075417661
0,0,2048,512,2425.333755417661
0,0,2048,1024,3985.9321554176613
0,0,2048,2048,7107.128955417661
0,0,2048,3072,10228.32575541766
0,0,2048,4096,13349.52255541766
0,0,2048,8192,26628.184310835324
0,0,2048,16384,53185.50782167064
16,0,0,0,7.297
16,0,1,16,20.197431831742243
16,0,1,64,25.957431831742245
16,0,1,256,48.99743183174224
16,0,1,512,84.23493183174226
16,0,1,1024,154.70993183174224
16,0,1,2048,295.65993183174226
16,0,1,3072,295.7063977476133
16,0,1,4096,295.75286366348445
16,0,1,8192,295.938727326969
16,0,1,16384,296.310454653938
16,0,2,16,20.310363663484488
16,0,2,64,26.070363663484486
16,0,2,256,49.110363663484485
16,0,2,512,84.34786366348449
16,0,2,1024,154.8228636634845
16,0,2,2048,295.7728636634845
16,0,2,3072,295.86579549522673
16,0,2,4096,295.95872732696904
16,0,2,8192,296.330454653938
16,0,2,16384,297.0739093078759
16,0,8,16,20.987954653937948
16,0,8,64,26.747954653937953
16,0,8,256,49.787954653937945
16,0,8,512,85.02545465393794
16,0,8,1024,155.50045465393794
16,0,8,2048,296.4504546539379
16,0,8,3072,296.8221819809069
16,0,8,4096,297.1939093078759
16,0,8,8192,298.6808186157518
16,0,8,16384,301.65463723150356
16,0,32,16,23.69831861575179
16,0,32,64,29.458318615751793
16,0,32,256,52.498318615751785
16,0,32,512,87.73581861575181
16,0,32,1024,158.21081861575178
16,0,32,2048,299.1608186157518
16,0,32,3072,300.6477279236277
16,0,32,4096,302.1346372315036
16,0,32,8192,308.0822744630072
16,0,32,16384,607.9075489260143
16,0,128,16,34.859774463007156
16,0,128,64,40.61977446300716
16,0,128,256,63.65977446300715
16,0,128,512,98.89727446300718
16,0,128,1024,169.37227446300713
16,0,128,2048,310.3222744630072
16,0,128,3072,604.1999116945107
16,0,128,4096,610.1475489260143
16,0,128,8192,1209.7980978520288
16,0,128,16384,2409.0991957040574
16,0,256,16,62.422548926014315
16,0,256,64,73.94254892601433
16,0,256,256,120.02254892601431
16,0,256,512,190.49754892601436
16,0,256,1024,331.4475489260143
16,0,256,2048,613.3475489260144
16,0,256,3072,913.1728233890216
16,0,256,4096,1212.9980978520286
16,0,256,8192,2412.2991957040576
16,0,256,16384,4810.901391408114
16,0,512,16,117.54809785202863
16,0,512,64,140.58809785202865
16,0,512,256,232.74809785202862
16,0,512,512,373.69809785202875
16,0,512,1024,655.5980978520286
16,0,512,2048,1219.3980978520287
16,0,512,3072,1819.0486467780431
16,0,512,4096,2418.6991957040573
16,0,512,8192,4817.301391408115
16,0,512,16384,9614.50578281623
16,0,1024,16,227.79919570405727
16,0,1024,64,273.87919570405734
16,0,1024,256,458.1991957040573
16,0,1024,512,740.0991957040575
16,0,1024,1024,1303.899195704057
16,0,1024,2048,2431.4991957040575
16,0,1024,3072,3630.800293556086
16,0,1024,4096,4830.101391408114
16,0,1024,8192,9627.305782816231
16,0,1024,16384,19221.714565632457
16,0,2048,16,448.30139140811457
16,0,2048,64,540.4613914081147
16,0,2048,256,909.1013914081145
16,0,2048,512,1472.901391408115
16,0,2048,1024,2600.501391408114
16,0,2048,2048,4855.701391408114
16,0,2048,3072,7254.303587112172
16,0,2048,4096,9652.90578281623
16,0,2048,8192,19247.31456563246
16,0,2048,16384,38436.132131264916
16,512,0,0,36.481
16,512,1,16,49.38143183174225
16,512,1,64,55.141431831742246
16,512,1,256,78.18143183174224
16,512,1,512,113.41893183174227
16,512,1,1024,183.89393183174224
16,512,1,2048,324.8439318317422
16,512,1,3072,324.8903977476133
16,512,1,4096,324.9368636634844
16,512,1,8192,325.12272732696897
16,512,1,16384,325.49445465393796
16,512,2,16,49.49436366348449
16,512,2,64,55.25436366348448
16,512,2,256,78.29436366348449
16,512,2,512,113.5318636634845
16,512,2,1024,184.0068636634845
16,512,2,2048,324.95686366348446
16,512,2,3072,325.0497954952267
16,512,2,4096,325.142727326969
16,512,2,8192,325.51445465393795
16,512,2,16384,326.2579093078759
16,512,8,16,50.171954653937945
16,512,8,64,55.93195465393795
16,512,8,256,78.97195465393796
16,512,8,512,114.20945465393794
16,512,8,1024,184.68445465393793
16,512,8,2048,325.6344546539379
16,512,8,3072,326.0061819809069
16,512,8,4096,326.3779093078759
16,512,8,8192,327.86481861575174
16,512,8,16384,330.8386372315035
16,512,32,16,52.88231861575179
16,512,32,64,58.64231861575179
16,512,32,256,81.6823186157518
16,512,32,512,116.91981861575181
16,512,32,1024,187.39481861575177
16,512,32,2048,328.34481861575176
16,512,32,3072,329.8317279236277
16,512,32,4096,331.31863723150354
16,512,32,8192,337.26627446300716
16,512,32,16384,637.0915489260143
16,512,128,16,64.04377446300717
16,512,128,64,69.80377446300716
16,512,128,256,92.84377446300715
16,512,128,512,128.0812744630072
16,512,128,1024,198.55627446300713
16,512,128,2048,339.5062744630072
16,512,128,3072,633.3839116945106
16,512,128,4096,639.3315489260143
16,512,128,8192,1238.9820978520288
16,512,128,16384,2438.2831957040576
16,512,256,16,91.60654892601431
16,512,256,64,103.12654892601432
16,512,256,256,149.2065489260143
16,512,256,512,219.68154892601436
16,512,256,1024,360.63154892601426
16,512,256,2048,642.5315489260144
16,512,256,3072,942.3568233890215
16,512,256,4096,1242.1820978520286
16,512,256,8192,2441.483195704058
16,512,256,16384,4840.085391408114
16,512,512,16,146.73209785202863
16,512,512,64,169.77209785202865
16,512,512,256,261.9320978520286
16,512,512,512,402.8820978520287
16,512,512,1024,684.7820978520285
16,512,512,2048,1248.5820978520287
16,512,512,3072,1848.232646778043
16,512,512,4096,2447.8831957040575
16,512,512,8192,4846.485391408115
16,512,512,16384,9643.68978281623
16,512,1024,16,256.98319570405727
16,512,1024,64,303.0631957040573
16,512,1024,256,487.38319570405724
16,512,1024,512,769.2831957040574
16,512,1024,1024,1333.083195704057
16,512,1024,2048,2460.6831957040577
16,512,1024,3072,3659.9842935560864
16,512,1024,4096,4859.285391408114
16,512,1024,8192,9656.48978281623
16,512,1024,16384,19250.89856563246
16,512,2048,16,477.48539140811454
16,512,2048,64,569.6453914081146
16,512,2048,256,938.2853914081145
16,512,2048,512,1502.085391408115
16,512,2048,1024,2629.6853914081144
16,512,2048,2048,4884.885391408115
16,512,2048,3072,7283.487587112172
16,512,2048,4096,9682.089782816229
16,512,2048,8192,19276.49856563246
16,512,2048,16384,38465.31613126492
16,2048,0,0,117.8905
16,2048,1,16,130.79093183174226
16,2048,1,64,136.55093183174225
16,2048,1,256,159.59093183174224
16,2048,1,512,194.82843183174225
16,2048,1,1024,265.3034318317423
16,2048,1,2048,406.2534318317422
16,2048,1,3072,406.2998977476133
16,2048,1,4096,406.34636366348445
16,2048,1,8192,406.53222732696895
16,2048,1,16384,406.90395465393794
16,2048,2,16,130.9038636634845
16,2048,2,64,136.66386366348448
16,2048,2,256,159.7038636634845
16,2048,2,512,194.94136366348448
16,2048,2,1024,265.4163636634845
16,2048,2,2048,406.36636366348444
16,2048,2,3072,406.4592954952267
16,2048,2,4096,406.55222732696905
16,2048,2,8192,406.9239546539379
16,2048,2,16384,407.6674093078759
16,2048,8,16,131.58145465393795
16,2048,8,64,137.34145465393794
16,2048,8,256,160.38145465393796
16,2048,8,512,195.61895465393795
16,2048,8,1024,266.09395465393794
16,2048,8,2048,407.04395465393793
16,2048,8,3072,407.4156819809069
16,2048,8,4096,407.7874093078759
16,2048,8,8192,409.2743186157518
16,2048,8,16384,412.2481372315035
16,2048,32,16,134.2918186157518
16,2048,32,64,140.05181861575178
16,2048,32,256,163.09181861575178
16,2048,32,512,198.32931861575182
16,2048,32,1024,268.80431861575175
16,2048,32,2048,409.7543186157518
16,2048,32,3072,411.24122792362766
16,2048,32,4096,412.7281372315035
16,2048,32,8192,418.6757744630072
16,2048,32,16384,718.5010489260143
16,2048,128,16,145.45327446300718
16,2048,128,64,151.21327446300717
16,2048,128,256,174.25327446300716
16,2048,128,512,209.4907744630072
16,2048,128,1024,279.96577446300716
16,2048,128,2048,420.9157744630072
16,2048,128,3072,714.7934116945106
16,2048,128,4096,720.7410489260143
16,2048,128,8192,1320.3915978520288
16,2048,128,16384,2519.6926957040573
16,2048,256,16,173.01604892601432
16,2048,256,64,184.53604892601433
16,2048,256,256,230.61604892601432
16,2048,256,512,301.09104892601437
16,2048,256,1024,442.04104892601424
16,2048,256,2048,723.9410489260143
16,2048,256,3072,1023.7663233890215
16,2048,256,4096,1323.5915978520286
16,2048,256,8192,2522.8926957040576
16,2048,256,16384,4921.494891408115
16,2048,512,16,228.14159785202864
16,2048,512,64,251.18159785202866
16,2048,512,256,343.3415978520286
16,2048,512,512,484.29159785202876
16,2048,512,1024,766.1915978520285
16,2048,512,2048,1329.9915978520287
16,2048,512,3072,1929.642146778043
16,2048,512,4096,2529.292695704057
16,2048,512,8192,4927.894891408116
16,2048,512,16384,9725.099282816229
16,2048,1024,16,338.39269570405725
16,2048,1024,64,384.4726957040573
16,2048,1024,256,568.7926957040572
16,2048,1024,512,850.6926957040574
16,2048,1024,1024,1414.492695704057
16,2048,1024,2048,2542.0926957040574
16,2048,1024,3072,3741.393793556086
16,2048,1024,4096,4940.694891408115
16,2048,1024,8192,9737.89928281623
16,2048,1024,16384,19332.30806563246
16,2048,2048,16,558.8948914081145
16,2048,2048,64,651.0548914081146
16,2048,2048,256,1019.6948914081145
16,2048,2048,512,1583.4948914081149
16,2048,2048,1024,2711.094891408114
16,2048,2048,2048,4966.294891408115
16,2048,2048,3072,7364.897087112173
16,2048,2048,4096,9763.499282816229
16,2048,2048,8192,19357.908065632462
16,2048,2048,16384,38546.72563126492
16,8192,0,0,417.2785
16,8192,1,16,430.17893183174226
16,8192,1,64,435.93893183174225
16,8192,1,256,458.9789318317423
16,8192,1,512,494.2164318317423
16,8192,1,1024,564.6914318317422
16,8192,1,2048,705.6414318317422
16,8192,1,3072,705.6878977476133
16,8192,1,4096,705.7343636634844
16,8192,1,8192,705.920227326969
16,8192,1,16384,706.291954653938
16,8192,2,16,430.2918636634845
16,8192,2,64,436.0518636634845
16,8192,2,256,459.0918636634845
16,8192,2,512,494.3293636634845
16,8192,2,1024,564.8043636634845
16,8192,2,2048,705.7543636634845
16,8192,2,3072,705.8472954952267
16,8192,2,4096,705.9402273269691
16,8192,2,8192,706.311954653938
16,8192,2,16384,707.0554093078758
16,8192,8,16,430.96945465393793
16,8192,8,64,436.729454653938
16,8192,8,256,459.76945465393794
16,8192,8,512,495.00695465393795
16,8192,8,1024,565.4819546539379
16,8192,8,2048,706.431954653938
16,8192,8,3072,706.803681980907
16,8192,8,4096,707.175409307876
16,8192,8,8192,708.6623186157517
16,8192,8,16384,711.6361372315035
16,8192,32,16,433.6798186157518
16,8192,32,64,439.4398186157518
16,8192,32,256,462.4798186157518
16,8192,32,512,497.7173186157518
16,8192,32,1024,568.1923186157518
16,8192,32,2048,709.1423186157517
16,8192,32,3072,710.6292279236277
16,8192,32,4096,712.1161372315036
16,8192,32,8192,718.0637744630071
16,8192,32,16384,1017.8890489260143
16,8192,128,16,444.84127446300715
16,8192,128,64,450.60127446300714
16,8192,128,256,473.64127446300716
16,8192,128,512,508.8787744630072
16,8192,128,1024,579.3537744630071
16,8192,128,2048,720.3037744630071
16,8192,128,3072,1014.1814116945106
16,8192,128,4096,1020.1290489260143
16,8192,128,8192,1619.779597852029
16,8192,128,16384,2819.0806957040572
16,8192,256,16,472.4040489260143
16,8192,256,64,483.92404892601434
16,8192,256,256,530.0040489260143
16,8192,256,512,600.4790489260143
16,8192,256,1024,741.4290489260143
16,8192,256,2048,1023.3290489260144
16,8192,256,3072,1323.1543233890216
16,8192,256,4096,1622.9795978520287
16,8192,256,8192,2822.2806957040575
16,8192,256,16384,5220.882891408115
16,8192,512,16,527.5295978520287
16,8192,512,64,550.5695978520287
16,8192,512,256,642.7295978520286
16,8192,512,512,783.6795978520288
16,8192,512,1024,1065.5795978520287
16,8192,512,2048,1629.3795978520288
16,8192,512,3072,2229.030146778043
16,8192,512,4096,2828.680695704057
16,8192,512,8192,5227.282891408116
16,8192,512,16384,10024.48728281623
16,8192,1024,16,637.7806957040573
16,8192,1024,64,683.8606957040573
16,8192,1024,256,868.1806957040573
16,8192,1024,512,1150.0806957040575
16,8192,1024,1024,1713.880695704057
16,8192,1024,2048,2841.4806957040573
16,8192,1024,3072,4040.781793556086
16,8192,1024,4096,5240.082891408115
16,8192,1024,8192,10037.28728281623
16,8192,1024,16384,19631.69606563246
16,8192,2048,16,858.2828914081146
16,8192,2048,64,950.4428914081146
16,8192,2048,256,1319.0828914081144
16,8192,2048,512,1882.882891408115
16,8192,2048,1024,3010.482891408114
16,8192,2048,2048,5265.682891408115
16,8192,2048,3072,7664.285087112173
16,8192,2048,4096,10062.88728281623
16,8192,2048,8192,19657.29606563246
16,8192,2048,16384,38846.11363126492
64,0,0,0,28.5395
64,0,1,16,41.43993183174224
64,0,1,64,47.19993183174225
64,0,1,256,70.23993183174224
64,0,1,512,105.47743183174227
64,0,1,1024,175.95243183174225
64,0,1,2048,316.9024318317422
64,0,1,3072,316.9488977476133
64,0,1,4096,316.9953636634844
64,0,1,8192,317.18122732696895
64,0,1,16384,317.55295465393795
64,0,2,16,41.55286366348449
64,0,2,64,47.312863663484485
64,0,2,256,70.35286366348448
64,0,2,512,105.5903636634845
64,0,2,1024,176.0653636634845
64,0,2,2048,317.01536366348444
64,0,2,3072,317.1082954952267
64,0,2,4096,317.201227326969
64,0,2,8192,317.5729546539379
64,0,2,16384,318.31640930787586
64,0,8,16,42.23045465393795
64,0,8,64,47.99045465393795
64,0,8,256,71.03045465393795
64,0,8,512,106.26795465393795
64,0,8,1024,176.74295465393794
64,0,8,2048,317.6929546539379
64,0,8,3072,318.06468198090687
64,0,8,4096,318.43640930787586
64,0,8,8192,319.9233186157517
64,0,8,16384,322.8971372315035
64,0,32,16,44.940818615751795
64,0,32,64,50.70081861575179
64,0,32,256,73.74081861575179
64,0,32,512,108.97831861575182
64,0,32,1024,179.45331861575178
64,0,32,2048,320.40331861575174
64,0,32,3072,321.89022792362766
64,0,32,4096,323.3771372315035
64,0,32,8192,329.32477446300715
64,0,32,16384,629.1500489260143
64,0,128,16,56.10227446300716
64,0,128,64,61.86227446300717
64,0,128,256,84.90227446300716
64,0,128,512,120.13977446300719
64,0,128,1024,190.61477446300714
64,0,128,2048,331.56477446300715
64,0,128,3072,625.4424116945106
64,0,128,4096,631.3900489260143
64,0,128,8192,1231.040597852029
64,0,128,16384,2430.341695704057
64,0,256,16,83.66504892601432
64,0,256,64,95.18504892601433
64,0,256,256,141.26504892601432
64,0,256,512,211.74004892601437
64,0,256,1024,352.69004892601424
64,0,256,2048,634.5900489260143
64,0,256,3072,934.4153233890215
64,0,256,4096,1234.2405978520287
64,0,256,8192,2433.5416957040575
64,0,256,16384,4832.1438914081145
64,0,512,16,138.79059785202864
64,0,512,64,161.83059785202866
64,0,512,256,253.99059785202863
64,0,512,512,394.9405978520287
64,0,512,1024,676.8405978520285
64,0,512,2048,1240.6405978520288
64,0,512,3072,1840.2911467780432
64,0,512,4096,2439.941695704057
64,0,512,8192,4838.543891408115
64,0,512,16384,9635.74828281623
64,0,1024,16,249.04169570405728
64,0,1024,64,295.1216957040573
64,0,1024,256,479.4416957040572
64,0,1024,512,761.3416957040574
64,0,1024,1024,1325.1416957040572
64,0,1024,2048,2452.7416957040573
64,0,1024,3072,3652.042793556086
64,0,1024,4096,4851.343891408114
64,0,1024,8192,9648.548282816231
64,0,1024,16384,19242.957065632458
64,0,2048,16,469.5438914081145
64,0,2048,64,561.7038914081146
64,0,2048,256,930.3438914081145
64,0,2048,512,1494.143891408115
64,0,2048,1024,2621.743891408114
64,0,2048,2048,4876.943891408115
64,0,2048,3072,7275.546087112172
64,0,2048,4096,9674.14828281623
64,0,2048,8192,19268.55706563246
64,0,2048,16384,38457.37463126492
64,512,0,0,121.68050000000001
64,512,1,16,134.58093183174225
64,512,1,64,140.34093183174224
64,512,1,256,163.38093183174226
64,512,1,512,198.61843183174227
64,512,1,1024,269.09343183174224
64,512,1,2048,410.0434318317422
64,512,1,3072,410.0898977476133
64,512,1,4096,410.1363636634844
64,512,1,8192,410.32222732696897
64,512,1,16384,410.69395465393796
64,512,2,16,134.6938636634845
64,512,2,64,140.4538636634845
64,512,2,256,163.4938636634845
64,512,2,512,198.7313636634845
64,512,2,1024,269.2063636634845
64,512,2,2048,410.15636366348446
64,512,2,3072,410.2492954952267
64,512,2,4096,410.342227326969
64,512,2,8192,410.71395465393795
64,512,2,16384,411.4574093078759
64,512,8,16,135.37145465393795
64,512,8,64,141.13145465393796
64,512,8,256,164.17145465393796
64,512,8,512,199.40895465393794
64,512,8,1024,269.88395465393796
64,512,8,2048,410.8339546539379
64,512,8,3072,411.2056819809069
64,512,8,4096,411.5774093078759
64,512,8,8192,413.06431861575174
64,512,8,16384,416.0381372315035
64,512,32,16,138.08181861575179
64,512,32,64,143.8418186157518
64,512,32,256,166.8818186157518
64,512,32,512,202.1193186157518
64,512,32,1024,272.5943186157518
64,512,32,2048,413.54431861575176
64,512,32,3072,415.0312279236277
64,512,32,4096,416.51813723150354
64,512,32,8192,422.46577446300716
64,512,32,16384,722.2910489260144
64,512,128,16,149.24327446300717
64,512,128,64,155.0032744630072
64,512,128,256,178.04327446300715
64,512,128,512,213.2807744630072
64,512,128,1024,283.7557744630071
64,512,128,2048,424.7057744630072
64,512,128,3072,718.5834116945107
64,512,128,4096,724.5310489260144
64,512,128,8192,1324.1815978520287
64,512,128,16384,2523.4826957040573
64,512,256,16,176.80604892601434
64,512,256,64,188.32604892601432
64,512,256,256,234.4060489260143
64,512,256,512,304.8810489260144
64,512,256,1024,445.83104892601426
64,512,256,2048,727.7310489260144
64,512,256,3072,1027.5563233890216
64,512,256,4096,1327.3815978520286
64,512,256,8192,2526.6826957040576
64,512,256,16384,4925.284891408115
64,512,512,16,231.93159785202863
64,512,512,64,254.97159785202865
64,512,512,256,347.1315978520286
64,512,512,512,488.0815978520287
64,512,512,1024,769.9815978520286
64,512,512,2048,1333.7815978520287
64,512,512,3072,1933.432146778043
64,512,512,4096,2533.082695704057
64,512,512,8192,4931.684891408116
64,512,512,16384,9728.88928281623
64,512,1024,16,342.18269570405727
64,512,1024,64,388.2626957040573
64,512,1024,256,572.5826957040573
64,512,1024,512,854.4826957040575
64,512,1024,1024,1418.282695704057
64,512,1024,2048,2545.8826957040574
64,512,1024,3072,3745.183793556086
64,512,1024,4096,4944.484891408115
64,512,1024,8192,9741.68928281623
64,512,1024,16384,19336.098065632457
64,512,2048,16,562.6848914081146
64,512,2048,64,654.8448914081147
64,512,2048,256,1023.4848914081145
64,512,2048,512,1587.2848914081148
64,512,2048,1024,2714.884891408114
64,512,2048,2048,4970.084891408115
64,512,2048,3072,7368.687087112173
64,512,2048,4096,9767.28928281623
64,512,2048,8192,19361.69806563246
64,512,2048,16384,38550.51563126492
64,2048,0,0,401.86350000000004
64,2048,1,16,414.7639318317423
64,2048,1,64,420.5239318317423
64,2048,1,256,443.5639318317423
64,2048,1,512,478.8014318317423
64,2048,1,1024,549.2764318317422
64,2048,1,2048,690.2264318317423
64,2048,1,3072,690.2728977476133
64,2048,1,4096,690.3193636634844
64,2048,1,8192,690.505227326969
64,2048,1,16384,690.876954653938
64,2048,2,16,414.8768636634845
64,2048,2,64,420.6368636634845
64,2048,2,256,443.67686366348454
64,2048,2,512,478.91436366348455
64,2048,2,1024,549.3893636634846
64,2048,2,2048,690.3393636634845
64,2048,2,3072,690.4322954952268
64,2048,2,4096,690.5252273269691
64,2048,2,8192,690.896954653938
64,2048,2,16384,691.6404093078759
64,2048,8,16,415.55445465393797
64,2048,8,64,421.314454653938
64,2048,8,256,444.354454653938
64,2048,8,512,479.591954653938
64,2048,8,1024,550.066954653938
64,2048,8,2048,691.016954653938
64,2048,8,3072,691.388681980907
64,2048,8,4096,691.760409307876
64,2048,8,8192,693.2473186157517
64,2048,8,16384,696.2211372315036
64,2048,32,16,418.26481861575184
64,2048,32,64,424.0248186157518
64,2048,32,256,447.06481861575185
64,2048,32,512,482.30231861575186
64,2048,32,1024,552.7773186157518
64,2048,32,2048,693.7273186157518
64,2048,32,3072,695.2142279236277
64,2048,32,4096,696.7011372315036
64,2048,32,8192,702.6487744630072
64,2048,32,16384,1002.4740489260143
64,2048,128,16,429.4262744630072
64,2048,128,64,435.1862744630072
64,2048,128,256,458.2262744630072
64,2048,128,512,493.4637744630072
64,2048,128,1024,563.9387744630071
64,2048,128,2048,704.8887744630072
64,2048,128,3072,998.7664116945107
64,2048,128,4096,1004.7140489260144
64,2048,128,8192,1604.364597852029
64,2048,128,16384,2803.6656957040573
64,2048,256,16,456.98904892601433
64,2048,256,64,468.5090489260144
64,2048,256,256,514.5890489260144
64,2048,256,512,585.0640489260144
64,2048,256,1024,726.0140489260143
64,2048,256,2048,1007.9140489260144
64,2048,256,3072,1307.7393233890216
64,2048,256,4096,1607.5645978520288
64,2048,256,8192,2806.8656957040575
64,2048,256,16384,5205.467891408115
64,2048,512,16,512.1145978520287
64,2048,512,64,535.1545978520287
64,2048,512,256,627.3145978520287
64,2048,512,512,768.2645978520288
64,2048,512,1024,1050.1645978520287
64,2048,512,2048,1613.9645978520289
64,2048,512,3072,2213.6151467780433
64,2048,512,4096,2813.265695704057
64,2048,512,8192,5211.867891408116
64,2048,512,16384,10009.072282816229
64,2048,1024,16,622.3656957040573
64,2048,1024,64,668.4456957040574
64,2048,1024,256,852.7656957040573
64,2048,1024,512,1134.6656957040575
64,2048,1024,1024,1698.465695704057
64,2048,1024,2048,2826.0656957040574
64,2048,1024,3072,4025.366793556086
64,2048,1024,4096,5224.667891408115
64,2048,1024,8192,10021.87228281623
64,2048,1024,16384,19616.28106563246
64,2048,2048,16,842.8678914081146
64,2048,2048,64,935.0278914081147
64,2048,2048,256,1303.6678914081144
64,2048,2048,512,1867.467891408115
64,2048,2048,1024,2995.067891408114
64,2048,2048,2048,5250.267891408115
64,2048,2048,3072,7648.870087112173
64,2048,2048,4096,10047.472282816228
64,2048,2048,8192,19641.88106563246
64,2048,2048,16384,38830.69863126492
64,8192,0,0,1224.173
64,8192,1,16,1237.0734318317423
64,8192,1,64,1242.8334318317422
64,8192,1,256,1265.8734318317422
64,8192,1,512,1301.1109318317422
64,8192,1,1024,1371.5859318317423
64,8192,1,2048,1512.5359318317423
64,8192,1,3072,1512.5823977476134
64,8192,1,4096,1512.6288636634845
64,8192,1,8192,1512.814727326969
64,8192,1,16384,1513.186454653938
64,8192,2,16,1237.1863636634846
64,8192,2,64,1242.9463636634846
64,8192,2,256,1265.9863636634846
64,8192,2,512,1301.2238636634845
64,8192,2,1024,1371.6988636634844
64,8192,2,2048,1512.6488636634845
64,8192,2,3072,1512.7417954952266
64,8192,2,4096,1512.834727326969
64,8192,2,8192,1513.206454653938
64,8192,2,16384,1513.949909307876
64,8192,8,16,1237.863954653938
64,8192,8,64,1243.623954653938
64,8192,8,256,1266.663954653938
64,8192,8,512,1301.901454653938
64,8192,8,1024,1372.376454653938
64,8192,8,2048,1513.3264546539378
64,8192,8,3072,1513.6981819809068
64,8192,8,4096,1514.0699093078758
64,8192,8,8192,1515.5568186157518
64,8192,8,16384,1518.5306372315035
64,8192,32,16,1240.5743186157517
64,8192,32,64,1246.3343186157517
64,8192,32,256,1269.3743186157517
64,8192,32,512,1304.6118186157519
64,8192,32,1024,1375.0868186157518
64,8192,32,2048,1516.0368186157518
64,8192,32,3072,1517.5237279236276
64,8192,32,4096,1519.0106372315036
64,8192,32,8192,1524.9582744630072
64,8192,32,16384,1824.7835489260142
64,8192,128,16,1251.7357744630071
64,8192,128,64,1257.4957744630071
64,8192,128,256,1280.535774463007
64,8192,128,512,1315.7732744630073
64,8192,128,1024,1386.2482744630072
64,8192,128,2048,1527.1982744630072
64,8192,128,3072,1821.0759116945105
64,8192,128,4096,1827.0235489260144
64,8192,128,8192,2426.674097852029
64,8192,128,16384,3625.975195704057
64,8192,256,16,1279.2985489260143
64,8192,256,64,1290.8185489260143
64,8192,256,256,1336.8985489260144
64,8192,256,512,1407.3735489260143
64,8192,256,1024,1548.3235489260142
64,8192,256,2048,1830.2235489260142
64,8192,256,3072,2130.0488233890214
64,8192,256,4096,2429.8740978520286
64,8192,256,8192,3629.175195704058
64,8192,256,16384,6027.777391408114
64,8192,512,16,1334.4240978520286
64,8192,512,64,1357.4640978520288
64,8192,512,256,1449.6240978520286
64,8192,512,512,1590.5740978520287
64,8192,512,1024,1872.4740978520285
64,8192,512,2048,2436.2740978520287
64,8192,512,3072,3035.924646778043
64,8192,512,4096,3635.5751957040575
64,8192,512,8192,6034.177391408115
64,8192,512,16384,10831.38178281623
64,8192,1024,16,1444.6751957040574
64,8192,1024,64,1490.7551957040573
64,8192,1024,256,1675.0751957040573
64,8192,1024,512,1956.9751957040576
64,8192,1024,1024,2520.7751957040573
64,8192,1024,2048,3648.3751957040577
64,8192,1024,3072,4847.676293556086
64,8192,1024,4096,6046.977391408114
64,8192,1024,8192,10844.181782816231
64,8192,1024,16384,20438.590565632458
64,8192,2048,16,1665.1773914081145
64,8192,2048,64,1757.3373914081146
64,8192,2048,256,2125.9773914081143
64,8192,2048,512,2689.777391408115
64,8192,2048,1024,3817.377391408114
64,8192,2048,2048,6072.577391408115
64,8192,2048,3072,8471.179587112172
64,8192,2048,4096,10869.78178281623
64,8192,2048,8192,20464.19056563246
64,8192,2048,16384,39653.00813126492
256,0,0,0,273.27700000000004
256,0,1,16,286.1774318317423
256,0,1,64,291.9374318317423
256,0,1,256,314.9774318317423
256,0,1,512,350.2149318317423
256,0,1,1024,420.6899318317423
256,0,1,2048,561.6399318317423
256,0,1,3072,561.6863977476133
256,0,1,4096,561.7328636634845
256,0,1,8192,561.918727326969
256,0,1,16384,562.290454653938
256,0,2,16,286.2903636634845
256,0,2,64,292.0503636634845
256,0,2,256,315.09036366348454
256,0,2,512,350.32786366348455
256,0,2,1024,420.8028636634846
256,0,2,2048,561.7528636634845
256,0,2,3072,561.8457954952268
256,0,2,4096,561.938727326969
256,0,2,8192,562.310454653938
256,0,2,16384,563.053909307876
256,0,8,16,286.96795465393797
256,0,8,64,292.727954653938
256,0,8,256,315.767954653938
256,0,8,512,351.005454653938
256,0,8,1024,421.48045465393795
256,0,8,2048,562.4304546539379
256,0,8,3072,562.8021819809069
256,0,8,4096,563.1739093078759
256,0,8,8192,564.6608186157519
256,0,8,16384,567.6346372315036
256,0,32,16,289.67831861575183
256,0,32,64,295.4383186157518
256,0,32,256,318.47831861575185
256,0,32,512,353.71581861575186
256,0,32,1024,424.1908186157518
256,0,32,2048,565.1408186157519
256,0,32,3072,566.6277279236277
256,0,32,4096,568.1146372315036
256,0,32,8192,574.0622744630073
256,0,32,16384,873.8875489260143
256,0,128,16,300.8397744630072
256,0,128,64,306.5997744630072
256,0,128,256,329.6397744630072
256,0,128,512,364.8772744630072
256,0,128,1024,435.3522744630072
256,0,128,2048,576.3022744630073
256,0,128,3072,870.1799116945107
256,0,128,4096,876.1275489260144
256,0,128,8192,1475.7780978520288
256,0,128,16384,2675.0791957040574
256,0,256,16,328.40254892601433
256,0,256,64,339.9225489260144
256,0,256,256,386.00254892601436
256,0,256,512,456.4775489260144
256,0,256,1024,597.4275489260143
256,0,256,2048,879.3275489260144
256,0,256,3072,1179.1528233890217
256,0,256,4096,1478.9780978520287
256,0,256,8192,2678.2791957040577
256,0,256,16384,5076.881391408115
256,0,512,16,383.5280978520287
256,0,512,64,406.5680978520287
256,0,512,256,498.72809785202867
256,0,512,512,639.6780978520287
256,0,512,1024,921.5780978520286
256,0,512,2048,1485.3780978520288
256,0,512,3072,2085.0286467780434
256,0,512,4096,2684.6791957040573
256,0,512,8192,5083.281391408115
256,0,512,16384,9880.48578281623
256,0,1024,16,493.7791957040573
256,0,1024,64,539.8591957040574
256,0,1024,256,724.1791957040573
256,0,1024,512,1006.0791957040575
256,0,1024,1024,1569.879195704057
256,0,1024,2048,2697.4791957040575
256,0,1024,3072,3896.7802935560862
256,0,1024,4096,5096.0813914081145
256,0,1024,8192,9893.28578281623
256,0,1024,16384,19487.69456563246
256,0,2048,16,714.2813914081146
256,0,2048,64,806.4413914081147
256,0,2048,256,1175.0813914081145
256,0,2048,512,1738.881391408115
256,0,2048,1024,2866.481391408114
256,0,2048,2048,5121.681391408115
256,0,2048,3072,7520.283587112172
256,0,2048,4096,9918.885782816229
256,0,2048,8192,19513.29456563246
256,0,2048,16384,38702.11213126492
256,512,0,0,589.1985000000001
256,512,1,16,602.0989318317423
256,512,1,64,607.8589318317423
256,512,1,256,630.8989318317423
256,512,1,512,666.1364318317424
256,512,1,1024,736.6114318317423
256,512,1,2048,877.5614318317423
256,512,1,3072,877.6078977476134
256,512,1,4096,877.6543636634844
256,512,1,8192,877.840227326969
256,512,1,16384,878.211954653938
256,512,2,16,602.2118636634846
256,512,2,64,607.9718636634846
256,512,2,256,631.0118636634845
256,512,2,512,666.2493636634846
256,512,2,1024,736.7243636634846
256,512,2,2048,877.6743636634845
256,512,2,3072,877.7672954952268
256,512,2,4096,877.8602273269692
256,512,2,8192,878.231954653938
256,512,2,16384,878.9754093078759
256,512,8,16,602.8894546539381
256,512,8,64,608.649454653938
256,512,8,256,631.689454653938
256,512,8,512,666.9269546539381
256,512,8,1024,737.401954653938
256,512,8,2048,878.351954653938
256,512,8,3072,878.723681980907
256,512,8,4096,879.095409307876
256,512,8,8192,880.5823186157518
256,512,8,16384,883.5561372315036
256,512,32,16,605.5998186157519
256,512,32,64,611.3598186157519
256,512,32,256,634.3998186157519
256,512,32,512,669.6373186157518
256,512,32,1024,740.1123186157519
256,512,32,2048,881.0623186157518
256,512,32,3072,882.5492279236278
256,512,32,4096,884.0361372315036
256,512,32,8192,889.9837744630072
256,512,32,16384,1189.8090489260144
256,512,128,16,616.7612744630072
256,512,128,64,622.5212744630072
256,512,128,256,645.5612744630073
256,512,128,512,680.7987744630072
256,512,128,1024,751.2737744630072
256,512,128,2048,892.2237744630072
256,512,128,3072,1186.1014116945107
256,512,128,4096,1192.0490489260144
256,512,128,8192,1791.699597852029
256,512,128,16384,2991.0006957040573
256,512,256,16,644.3240489260144
256,512,256,64,655.8440489260145
256,512,256,256,701.9240489260144
256,512,256,512,772.3990489260144
256,512,256,1024,913.3490489260143
256,512,256,2048,1195.2490489260144
256,512,256,3072,1495.0743233890216
256,512,256,4096,1794.8995978520288
256,512,256,8192,2994.2006957040576
256,512,256,16384,5392.802891408115
256,512,512,16,699.4495978520288
256,512,512,64,722.4895978520287
256,512,512,256,814.6495978520287
256,512,512,512,955.5995978520289
256,512,512,1024,1237.4995978520287
256,512,512,2048,1801.299597852029
256,512,512,3072,2400.9501467780433
256,512,512,4096,3000.600695704057
256,512,512,8192,5399.202891408116
256,512,512,16384,10196.40728281623
256,512,1024,16,809.7006957040574
256,512,1024,64,855.7806957040574
256,512,1024,256,1040.1006957040572
256,512,1024,512,1322.0006957040575
256,512,1024,1024,1885.800695704057
256,512,1024,2048,3013.4006957040574
256,512,1024,3072,4212.701793556086
256,512,1024,4096,5412.002891408115
256,512,1024,8192,10209.20728281623
256,512,1024,16384,19803.616065632457
256,512,2048,16,1030.2028914081147
256,512,2048,64,1122.3628914081146
256,512,2048,256,1491.0028914081145
256,512,2048,512,2054.802891408115
256,512,2048,1024,3182.402891408114
256,512,2048,2048,5437.602891408115
256,512,2048,3072,7836.205087112173
256,512,2048,4096,10234.80728281623
256,512,2048,8192,19829.21606563246
256,512,2048,16384,39018.033631264916
256,2048,0,0,1705.9154999999994
256,2048,1,16,1718.8159318317416
256,2048,1,64,1724.5759318317416
256,2048,1,256,1747.6159318317416
256,2048,1,512,1782.8534318317415
256,2048,1,1024,1853.3284318317417
256,2048,1,2048,1994.2784318317417
256,2048,1,3072,1994.3248977476128
256,2048,1,4096,1994.3713636634839
256,2048,1,8192,1994.5572273269684
256,2048,1,16384,1994.9289546539374
256,2048,2,16,1718.928863663484
256,2048,2,64,1724.688863663484
256,2048,2,256,1747.728863663484
256,2048,2,512,1782.966363663484
256,2048,2,1024,1853.4413636634838
256,2048,2,2048,1994.3913636634838
256,2048,2,3072,1994.484295495226
256,2048,2,4096,1994.5772273269683
256,2048,2,8192,1994.9489546539373
256,2048,2,16384,1995.6924093078753
256,2048,8,16,1719.6064546539374
256,2048,8,64,1725.3664546539374
256,2048,8,256,1748.4064546539373
256,2048,8,512,1783.6439546539373
256,2048,8,1024,1854.1189546539374
256,2048,8,2048,1995.0689546539372
256,2048,8,3072,1995.4406819809062
256,2048,8,4096,1995.8124093078752
256,2048,8,8192,1997.2993186157512
256,2048,8,16384,2000.273137231503
256,2048,32,16,1722.3168186157511
256,2048,32,64,1728.076818615751
256,2048,32,256,1751.116818615751
256,2048,32,512,1786.3543186157513
256,2048,32,1024,1856.8293186157512
256,2048,32,2048,1997.7793186157512
256,2048,32,3072,1999.266227923627
256,2048,32,4096,2000.753137231503
256,2048,32,8192,2006.7007744630066
256,2048,32,16384,2306.5260489260136
256,2048,128,16,1733.4782744630065
256,2048,128,64,1739.2382744630065
256,2048,128,256,1762.2782744630065
256,2048,128,512,1797.5157744630067
256,2048,128,1024,1867.9907744630066
256,2048,128,2048,2008.9407744630066
256,2048,128,3072,2302.81841169451
256,2048,128,4096,2308.766048926014
256,2048,128,8192,2908.416597852028
256,2048,128,16384,4107.7176957040565
256,2048,256,16,1761.0410489260137
256,2048,256,64,1772.5610489260137
256,2048,256,256,1818.6410489260138
256,2048,256,512,1889.1160489260137
256,2048,256,1024,2030.0660489260135
256,2048,256,2048,2311.9660489260136
256,2048,256,3072,2611.791323389021
256,2048,256,4096,2911.616597852028
256,2048,256,8192,4110.917695704057
256,2048,256,16384,6509.519891408114
256,2048,512,16,1816.166597852028
256,2048,512,64,1839.2065978520282
256,2048,512,256,1931.366597852028
256,2048,512,512,2072.3165978520283
256,2048,512,1024,2354.216597852028
256,2048,512,2048,2918.016597852028
256,2048,512,3072,3517.6671467780425
256,2048,512,4096,4117.317695704057
256,2048,512,8192,6515.919891408114
256,2048,512,16384,11313.124282816229
256,2048,1024,16,1926.4176957040568
256,2048,1024,64,1972.4976957040567
256,2048,1024,256,2156.817695704057
256,2048,1024,512,2438.717695704057
256,2048,1024,1024,3002.5176957040567
256,2048,1024,2048,4130.117695704057
256,2048,1024,3072,5329.418793556086
256,2048,1024,4096,6528.719891408114
256,2048,1024,8192,11325.92428281623
256,2048,1024,16384,20920.333065632458
256,2048,2048,16,2146.919891408114
256,2048,2048,64,2239.0798914081142
256,2048,2048,256,2607.7198914081137
256,2048,2048,512,3171.5198914081143
256,2048,2048,1024,4299.119891408113
256,2048,2048,2048,6554.319891408114
256,2048,2048,3072,8952.922087112172
256,2048,2048,4096,11351.524282816228
256,2048,2048,8192,20945.93306563246
256,2048,2048,16384,40134.75063126492
256,8192,0,0,5003.748500000005
256,8192,1,16,5016.648931831747
256,8192,1,64,5022.408931831747
256,8192,1,256,5045.448931831747
256,8192,1,512,5080.6864318317475
256,8192,1,1024,5151.161431831747
256,8192,1,2048,5292.111431831748
256,8192,1,3072,5292.157897747618
256,8192,1,4096,5292.20436366349
256,8192,1,8192,5292.390227326974
256,8192,1,16384,5292.761954653943
256,8192,2,16,5016.76186366349
256,8192,2,64,5022.52186366349
256,8192,2,256,5045.56186366349
256,8192,2,512,5080.799363663489
256,8192,2,1024,5151.27436366349
256,8192,2,2048,5292.224363663489
256,8192,2,3072,5292.3172954952315
256,8192,2,4096,5292.410227326975
256,8192,2,8192,5292.781954653943
256,8192,2,16384,5293.525409307881
256,8192,8,16,5017.439454653943
256,8192,8,64,5023.199454653943
256,8192,8,256,5046.2394546539435
256,8192,8,512,5081.476954653943
256,8192,8,1024,5151.951954653943
256,8192,8,2048,5292.901954653943
256,8192,8,3072,5293.273681980912
256,8192,8,4096,5293.645409307881
256,8192,8,8192,5295.132318615757
256,8192,8,16384,5298.106137231509
256,8192,32,16,5020.149818615757
256,8192,32,64,5025.909818615757
256,8192,32,256,5048.949818615757
256,8192,32,512,5084.187318615757
256,8192,32,1024,5154.662318615757
256,8192,32,2048,5295.6123186157565
256,8192,32,3072,5297.0992279236325
256,8192,32,4096,5298.5861372315085
256,8192,32,8192,5304.533774463012
256,8192,32,16384,5604.35904892602
256,8192,128,16,5031.3112744630125
256,8192,128,64,5037.071274463013
256,8192,128,256,5060.111274463013
256,8192,128,512,5095.348774463012
256,8192,128,1024,5165.823774463012
256,8192,128,2048,5306.773774463012
256,8192,128,3072,5600.651411694515
256,8192,128,4096,5606.599048926019
256,8192,128,8192,6206.249597852034
256,8192,128,16384,7405.5506957040625
256,8192,256,16,5058.87404892602
256,8192,256,64,5070.394048926019
256,8192,256,256,5116.474048926019
256,8192,256,512,5186.94904892602
256,8192,256,1024,5327.8990489260195
256,8192,256,2048,5609.799048926019
256,8192,256,3072,5909.624323389026
256,8192,256,4096,6209.449597852034
256,8192,256,8192,7408.750695704062
256,8192,256,16384,9807.35289140812
256,8192,512,16,5113.999597852034
256,8192,512,64,5137.039597852034
256,8192,512,256,5229.199597852034
256,8192,512,512,5370.149597852034
256,8192,512,1024,5652.049597852034
256,8192,512,2048,6215.849597852034
256,8192,512,3072,6815.5001467780485
256,8192,512,4096,7415.150695704062
256,8192,512,8192,9813.75289140812
256,8192,512,16384,14610.957282816235
256,8192,1024,16,5224.250695704062
256,8192,1024,64,5270.330695704062
256,8192,1024,256,5454.650695704062
256,8192,1024,512,5736.5506957040625
256,8192,1024,1024,6300.350695704063
256,8192,1024,2048,7427.950695704063
256,8192,1024,3072,8627.251793556092
256,8192,1024,4096,9826.552891408119
256,8192,1024,8192,14623.757282816236
256,8192,1024,16384,24218.166065632464
256,8192,2048,16,5444.7528914081195
256,8192,2048,64,5536.912891408119
256,8192,2048,256,5905.55289140812
256,8192,2048,512,6469.35289140812
256,8192,2048,1024,7596.952891408119
256,8192,2048,2048,9852.152891408121
256,8192,2048,3072,12250.755087112178
256,8192,2048,4096,14649.357282816234
256,8192,2048,8192,24243.766065632466
256,8192,2048,16384,43432.58363126492
1024,0,0,0,2837.174499999999
1024,0,1,16,2850.074931831741
1024,0,1,64,2855.8349318317414
1024,0,1,256,2878.8749318317414
1024,0,1,512,2914.1124318317416
1024,0,1,1024,2984.5874318317415
1024,0,1,2048,3125.5374318317413
1024,0,1,3072,3125.5838977476124
1024,0,1,4096,3125.6303636634834
1024,0,1,8192,3125.816227326968
1024,0,1,16384,3126.187954653937
1024,0,2,16,2850.1878636634838
1024,0,2,64,2855.9478636634835
1024,0,2,256,2878.9878636634835
1024,0,2,512,2914.2253636634837
1024,0,2,1024,2984.7003636634836
1024,0,2,2048,3125.6503636634834
1024,0,2,3072,3125.743295495226
1024,0,2,4096,3125.836227326968
1024,0,2,8192,3126.207954653937
1024,0,2,16384,3126.951409307875
1024,0,8,16,2850.865454653937
1024,0,8,64,2856.625454653937
1024,0,8,256,2879.665454653937
1024,0,8,512,2914.9029546539373
1024,0,8,1024,2985.377954653937
1024,0,8,2048,3126.327954653937
1024,0,8,3072,3126.699681980906
1024,0,8,4096,3127.071409307875
1024,0,8,8192,3128.558318615751
1024,0,8,16384,3131.532137231503
1024,0,32,16,2853.575818615751
1024,0,32,64,2859.335818615751
1024,0,32,256,2882.375818615751
1024,0,32,512,2917.613318615751
1024,0,32,1024,2988.0883186157507
1024,0,32,2048,3129.038318615751
1024,0,32,3072,3130.525227923627
1024,0,32,4096,3132.0121372315025
1024,0,32,8192,3137.9597744630064
1024,0,32,16384,3437.7850489260136
1024,0,128,16,2864.7372744630065
1024,0,128,64,2870.4972744630063
1024,0,128,256,2893.5372744630063
1024,0,128,512,2928.7747744630065
1024,0,128,1024,2999.2497744630064
1024,0,128,2048,3140.199774463006
1024,0,128,3072,3434.07741169451
1024,0,128,4096,3440.0250489260134
1024,0,128,8192,4039.6755978520277
1024,0,128,16384,5238.9766957040565
1024,0,256,16,2892.3000489260135
1024,0,256,64,2903.8200489260134
1024,0,256,256,2949.9000489260134
1024,0,256,512,3020.3750489260137
1024,0,256,1024,3161.3250489260136
1024,0,256,2048,3443.2250489260136
1024,0,256,3072,3743.050323389021
1024,0,256,4096,4042.8755978520276
1024,0,256,8192,5242.176695704056
1024,0,256,16384,7640.778891408114
1024,0,512,16,2947.4255978520277
1024,0,512,64,2970.4655978520277
1024,0,512,256,3062.6255978520276
1024,0,512,512,3203.575597852028
1024,0,512,1024,3485.475597852028
1024,0,512,2048,4049.275597852028
1024,0,512,3072,4648.9261467780425
1024,0,512,4096,5248.576695704056
1024,0,512,8192,7647.178891408114
1024,0,512,16384,12444.383282816229
1024,0,1024,16,3057.6766957040563
1024,0,1024,64,3103.7566957040563
1024,0,1024,256,3288.0766957040564
1024,0,1024,512,3569.9766957040565
1024,0,1024,1024,4133.776695704057
1024,0,1024,2048,5261.376695704057
1024,0,1024,3072,6460.677793556086
1024,0,1024,4096,7659.978891408114
1024,0,1024,8192,12457.18328281623
1024,0,1024,16384,22051.59206563246
1024,0,2048,16,3278.1788914081135
1024,0,2048,64,3370.338891408114
1024,0,2048,256,3738.9788914081137
1024,0,2048,512,4302.778891408114
1024,0,2048,1024,5430.378891408113
1024,0,2048,2048,7685.578891408114
1024,0,2048,3072,10084.18108711217
1024,0,2048,4096,12482.783282816228
1024,0,2048,8192,22077.19206563246
1024,0,2048,16384,41266.00963126492
1024,512,0,0,4080.6929999999966
1024,512,1,16,4093.5934318317386
1024,512,1,64,4099.353431831739
1024,512,1,256,4122.393431831739
1024,512,1,512,4157.630931831739
1024,512,1,1024,4228.105931831738
1024,512,1,2048,4369.055931831739
1024,512,1,3072,4369.10239774761
1024,512,1,4096,4369.148863663481
1024,512,1,8192,4369.334727326966
1024,512,1,16384,4369.706454653935
1024,512,2,16,4093.706363663481
1024,512,2,64,4099.466363663481
1024,512,2,256,4122.506363663481
1024,512,2,512,4157.743863663481
1024,512,2,1024,4228.218863663481
1024,512,2,2048,4369.168863663481
1024,512,2,3072,4369.261795495223
1024,512,2,4096,4369.354727326966
1024,512,2,8192,4369.7264546539345
1024,512,2,16384,4370.4699093078725
1024,512,8,16,4094.3839546539343
1024,512,8,64,4100.143954653934
1024,512,8,256,4123.183954653935
1024,512,8,512,4158.421454653934
1024,512,8,1024,4228.896454653935
1024,512,8,2048,4369.846454653934
1024,512,8,3072,4370.218181980904
1024,512,8,4096,4370.589909307872
1024,512,8,8192,4372.076818615748
1024,512,8,16384,4375.0506372315
1024,512,32,16,4097.094318615748
1024,512,32,64,4102.8543186157485
1024,512,32,256,4125.8943186157485
1024,512,32,512,4161.131818615749
1024,512,32,1024,4231.606818615748
1024,512,32,2048,4372.556818615748
1024,512,32,3072,4374.043727923624
1024,512,32,4096,4375.5306372315
1024,512,32,8192,4381.478274463004
1024,512,32,16384,4681.303548926011
1024,512,128,16,4108.255774463004
1024,512,128,64,4114.015774463004
1024,512,128,256,4137.055774463004
1024,512,128,512,4172.293274463003
1024,512,128,1024,4242.768274463004
1024,512,128,2048,4383.718274463004
1024,512,128,3072,4677.595911694507
1024,512,128,4096,4683.543548926011
1024,512,128,8192,5283.194097852025
1024,512,128,16384,6482.495195704054
1024,512,256,16,4135.818548926011
1024,512,256,64,4147.338548926011
1024,512,256,256,4193.418548926011
1024,512,256,512,4263.893548926011
1024,512,256,1024,4404.843548926011
1024,512,256,2048,4686.743548926011
1024,512,256,3072,4986.568823389018
1024,512,256,4096,5286.394097852025
1024,512,256,8192,6485.695195704055
1024,512,256,16384,8884.297391408112
1024,512,512,16,4190.944097852025
1024,512,512,64,4213.984097852025
1024,512,512,256,4306.144097852025
1024,512,512,512,4447.094097852026
1024,512,512,1024,4728.994097852025
1024,512,512,2048,5292.7940978520255
1024,512,512,3072,5892.44464677804
1024,512,512,4096,6492.095195704054
1024,512,512,8192,8890.697391408112
1024,512,512,16384,13687.901782816225
1024,512,1024,16,4301.195195704054
1024,512,1024,64,4347.275195704054
1024,512,1024,256,4531.595195704054
1024,512,1024,512,4813.495195704054
1024,512,1024,1024,5377.295195704053
1024,512,1024,2048,6504.895195704054
1024,512,1024,3072,7704.196293556082
1024,512,1024,4096,8903.497391408111
1024,512,1024,8192,13700.701782816228
1024,512,1024,16384,23295.110565632454
1024,512,2048,16,4521.697391408111
1024,512,2048,64,4613.857391408112
1024,512,2048,256,4982.497391408111
1024,512,2048,512,5546.297391408111
1024,512,2048,1024,6673.897391408111
1024,512,2048,2048,8929.097391408111
1024,512,2048,3072,11327.699587112169
1024,512,2048,4096,13726.301782816226
1024,512,2048,8192,23320.710565632457
1024,512,2048,16384,42509.52813126492
1024,2048,0,0,7125.123499999999
1024,2048,1,16,7138.023931831741
1024,2048,1,64,7143.783931831741
1024,2048,1,256,7166.823931831741
1024,2048,1,512,7202.061431831741
1024,2048,1,1024,7272.536431831741
1024,2048,1,2048,7413.486431831741
1024,2048,1,3072,7413.532897747612
1024,2048,1,4096,7413.5793636634835
1024,2048,1,8192,7413.765227326968
1024,2048,1,16384,7414.136954653937
1024,2048,2,16,7138.136863663483
1024,2048,2,64,7143.896863663484
1024,2048,2,256,7166.936863663484
1024,2048,2,512,7202.174363663483
1024,2048,2,1024,7272.649363663483
1024,2048,2,2048,7413.599363663483
1024,2048,2,3072,7413.692295495225
1024,2048,2,4096,7413.785227326968
1024,2048,2,8192,7414.156954653937
1024,2048,2,16384,7414.900409307875
1024,2048,8,16,7138.814454653937
1024,2048,8,64,7144.574454653936
1024,2048,8,256,7167.614454653937
1024,2048,8,512,7202.851954653936
1024,2048,8,1024,7273.326954653937
1024,2048,8,2048,7414.276954653937
1024,2048,8,3072,7414.648681980906
1024,2048,8,4096,7415.020409307875
1024,2048,8,8192,7416.507318615751
1024,2048,8,16384,7419.4811372315025
1024,2048,32,16,7141.5248186157505
1024,2048,32,64,7147.284818615751
1024,2048,32,256,7170.324818615751
1024,2048,32,512,7205.562318615751
1024,2048,32,1024,7276.03731861575
1024,2048,32,2048,7416.98731861575
1024,2048,32,3072,7418.474227923626
1024,2048,32,4096,7419.961137231502
1024,2048,32,8192,7425.908774463006
1024,2048,32,16384,7725.734048926013
1024,2048,128,16,7152.686274463006
1024,2048,128,64,7158.446274463006
1024,2048,128,256,7181.486274463006
1024,2048,128,512,7216.723774463006
1024,2048,128,1024,7287.198774463006
1024,2048,128,2048,7428.148774463006
1024,2048,128,3072,7722.026411694509
1024,2048,128,4096,7727.974048926013
1024,2048,128,8192,8327.624597852027
1024,2048,128,16384,9526.925695704056
1024,2048,256,16,7180.2490489260135
1024,2048,256,64,7191.769048926013
1024,2048,256,256,7237.849048926013
1024,2048,256,512,7308.324048926013
1024,2048,256,1024,7449.274048926013
1024,2048,256,2048,7731.174048926013
1024,2048,256,3072,8030.99932338902
1024,2048,256,4096,8330.824597852028
1024,2048,256,8192,9530.125695704057
1024,2048,256,16384,11928.727891408114
1024,2048,512,16,7235.374597852027
1024,2048,512,64,7258.414597852027
1024,2048,512,256,7350.574597852027
1024,2048,512,512,7491.524597852028
1024,2048,512,1024,7773.424597852028
1024,2048,512,2048,8337.224597852028
1024,2048,512,3072,8936.875146778042
1024,2048,512,4096,9536.525695704056
1024,2048,512,8192,11935.127891408114
1024,2048,512,16384,16732.332282816227
1024,2048,1024,16,7345.625695704056
1024,2048,1024,64,7391.705695704056
1024,2048,1024,256,7576.0256957040565
1024,2048,1024,512,7857.925695704056
1024,2048,1024,1024,8421.725695704055
1024,2048,1024,2048,9549.325695704056
1024,2048,1024,3072,10748.626793556085
1024,2048,1024,4096,11947.927891408113
1024,2048,1024,8192,16745.13228281623
1024,2048,1024,16384,26339.541065632457
1024,2048,2048,16,7566.127891408113
1024,2048,2048,64,7658.287891408114
1024,2048,2048,256,8026.927891408113
1024,2048,2048,512,8590.727891408114
1024,2048,2048,1024,9718.327891408113
1024,2048,2048,2048,11973.527891408114
1024,2048,2048,3072,14372.130087112171
1024,2048,2048,4096,16770.73228281623
1024,2048,2048,8192,26365.14106563246
1024,2048,2048,16384,45553.95863126492
1024,8192,0,0,19988.970500000043
1024,8192,1,16,20001.870931831785
1024,8192,1,64,20007.630931831787
1024,8192,1,256,20030.670931831784
1024,8192,1,512,20065.908431831784
1024,8192,1,1024,20136.383431831786
1024,8192,1,2048,20277.333431831787
1024,8192,1,3072,20277.379897747658
1024,8192,1,4096,20277.426363663526
1024,8192,1,8192,20277.612227327012
1024,8192,1,16384,20277.98395465398
1024,8192,2,16,20001.98386366353
1024,8192,2,64,20007.743863663527
1024,8192,2,256,20030.783863663528
1024,8192,2,512,20066.021363663527
1024,8192,2,1024,20136.49636366353
1024,8192,2,2048,20277.446363663526
1024,8192,2,3072,20277.53929549527
1024,8192,2,4096,20277.632227327013
1024,8192,2,8192,20278.00395465398
1024,8192,2,16384,20278.747409307918
1024,8192,8,16,20002.661454653982
1024,8192,8,64,20008.42145465398
1024,8192,8,256,20031.46145465398
1024,8192,8,512,20066.69895465398
1024,8192,8,1024,20137.17395465398
1024,8192,8,2048,20278.12395465398
1024,8192,8,3072,20278.49568198095
1024,8192,8,4096,20278.86740930792
1024,8192,8,8192,20280.354318615795
1024,8192,8,16384,20283.328137231547
1024,8192,32,16,20005.371818615797
1024,8192,32,64,20011.131818615795
1024,8192,32,256,20034.171818615796
1024,8192,32,512,20069.409318615795
1024,8192,32,1024,20139.884318615794
1024,8192,32,2048,20280.834318615794
1024,8192,32,3072,20282.321227923672
1024,8192,32,4096,20283.808137231546
1024,8192,32,8192,20289.75577446305
1024,8192,32,16384,20589.58104892606
1024,8192,128,16,20016.53327446305
1024,8192,128,64,20022.29327446305
1024,8192,128,256,20045.33327446305
1024,8192,128,512,20080.57077446305
1024,8192,128,1024,20151.04577446305
1024,8192,128,2048,20291.995774463052
1024,8192,128,3072,20585.873411694552
1024,8192,128,4096,20591.821048926056
1024,8192,128,8192,21191.471597852073
1024,8192,128,16384,22390.7726957041
1024,8192,256,16,20044.096048926058
1024,8192,256,64,20055.61604892606
1024,8192,256,256,20101.696048926056
1024,8192,256,512,20172.17104892606
1024,8192,256,1024,20313.121048926056
1024,8192,256,2048,20595.021048926057
1024,8192,256,3072,20894.846323389065
1024,8192,256,4096,21194.671597852073
1024,8192,256,8192,22393.972695704102
1024,8192,256,16384,24792.574891408156
1024,8192,512,16,20099.221597852073
1024,8192,512,64,20122.261597852073
1024,8192,512,256,20214.421597852073
1024,8192,512,512,20355.37159785207
1024,8192,512,1024,20637.271597852072
1024,8192,512,2048,21201.07159785207
1024,8192,512,3072,21800.722146778087
1024,8192,512,4096,22400.3726957041
1024,8192,512,8192,24798.974891408157
1024,8192,512,16384,29596.179282816272
1024,8192,1024,16,20209.472695704102
1024,8192,1024,64,20255.5526957041
1024,8192,1024,256,20439.8726957041
1024,8192,1024,512,20721.7726957041
1024,8192,1024,1024,21285.5726957041
1024,8192,1024,2048,22413.1726957041
1024,8192,1024,3072,23612.473793556128
1024,8192,1024,4096,24811.774891408157
1024,8192,1024,8192,29608.979282816275
1024,8192,1024,16384,39203.388065632505
1024,8192,2048,16,20429.974891408157
1024,8192,2048,64,20522.134891408157
1024,8192,2048,256,20890.774891408157
1024,8192,2048,512,21454.57489140816
1024,8192,2048,1024,22582.174891408158
1024,8192,2048,2048,24837.37489140816
1024,8192,2048,3072,27235.977087112216
1024,8192,2048,4096,29634.579282816274
1024,8192,2048,8192,39228.988065632504
1024,8192,2048,16384,58417.80563126496
2048,0,0,0,9975.613000000007
2048,0,1,16,9988.513431831749
2048,0,1,64,9994.273431831749
2048,0,1,256,10017.31343183175
2048,0,1,512,10052.550931831749
2048,0,1,1024,10123.02593183175
2048,0,1,2048,10263.975931831748
2048,0,1,3072,10264.02239774762
2048,0,1,4096,10264.068863663491
2048,0,1,8192,10264.254727326976
2048,0,1,16384,10264.626454653944
2048,0,2,16,9988.62636366349
2048,0,2,64,9994.38636366349
2048,0,2,256,10017.426363663491
2048,0,2,512,10052.66386366349
2048,0,2,1024,10123.138863663491
2048,0,2,2048,10264.088863663492
2048,0,2,3072,10264.181795495233
2048,0,2,4096,10264.274727326976
2048,0,2,8192,10264.646454653945
2048,0,2,16384,10265.389909307882
2048,0,8,16,9989.303954653944
2048,0,8,64,9995.063954653944
2048,0,8,256,10018.103954653945
2048,0,8,512,10053.341454653944
2048,0,8,1024,10123.816454653945
2048,0,8,2048,10264.766454653945
2048,0,8,3072,10265.138181980914
2048,0,8,4096,10265.509909307882
2048,0,8,8192,10266.996818615758
2048,0,8,16384,10269.97063723151
2048,0,32,16,9992.014318615758
2048,0,32,64,9997.774318615759
2048,0,32,256,10020.814318615758
2048,0,32,512,10056.051818615759
2048,0,32,1024,10126.52681861576
2048,0,32,2048,10267.476818615758
2048,0,32,3072,10268.963727923634
2048,0,32,4096,10270.45063723151
2048,0,32,8192,10276.398274463014
2048,0,32,16384,10576.22354892602
2048,0,128,16,10003.175774463014
2048,0,128,64,10008.935774463014
2048,0,128,256,10031.975774463013
2048,0,128,512,10067.213274463014
2048,0,128,1024,10137.688274463013
2048,0,128,2048,10278.638274463014
2048,0,128,3072,10572.515911694518
2048,0,128,4096,10578.463548926022
2048,0,128,8192,11178.114097852036
2048,0,128,16384,12377.415195704063
2048,0,256,16,10030.738548926021
2048,0,256,64,10042.258548926022
2048,0,256,256,10088.338548926022
2048,0,256,512,10158.81354892602
2048,0,256,1024,10299.763548926021
2048,0,256,2048,10581.66354892602
2048,0,256,3072,10881.488823389029
2048,0,256,4096,11181.314097852035
2048,0,256,8192,12380.615195704064
2048,0,256,16384,14779.217391408121
2048,0,512,16,10085.864097852036
2048,0,512,64,10108.904097852035
2048,0,512,256,10201.064097852035
2048,0,512,512,10342.014097852036
2048,0,512,1024,10623.914097852035
2048,0,512,2048,11187.714097852035
2048,0,512,3072,11787.364646778049
2048,0,512,4096,12387.015195704063
2048,0,512,8192,14785.617391408123
2048,0,512,16384,19582.821782816238
2048,0,1024,16,10196.115195704064
2048,0,1024,64,10242.195195704064
2048,0,1024,256,10426.515195704063
2048,0,1024,512,10708.415195704065
2048,0,1024,1024,11272.215195704064
2048,0,1024,2048,12399.815195704065
2048,0,1024,3072,13599.116293556093
2048,0,1024,4096,14798.417391408122
2048,0,1024,8192,19595.621782816237
2048,0,1024,16384,29190.030565632464
2048,0,2048,16,10416.617391408121
2048,0,2048,64,10508.77739140812
2048,0,2048,256,10877.417391408122
2048,0,2048,512,11441.217391408121
2048,0,2048,1024,12568.81739140812
2048,0,2048,2048,14824.01739140812
2048,0,2048,3072,17222.619587112178
2048,0,2048,4096,19621.221782816236
2048,0,2048,8192,29215.63056563247
2048,0,2048,16384,48404.44813126492
2048,512,0,0,12472.867500000013
2048,512,1,16,12485.767931831755
2048,512,1,64,12491.527931831755
2048,512,1,256,12514.567931831756
2048,512,1,512,12549.805431831755
2048,512,1,1024,12620.280431831756
2048,512,1,2048,12761.230431831755
2048,512,1,3072,12761.276897747626
2048,512,1,4096,12761.323363663498
2048,512,1,8192,12761.509227326982
2048,512,1,16384,12761.88095465395
2048,512,2,16,12485.880863663497
2048,512,2,64,12491.640863663497
2048,512,2,256,12514.680863663498
2048,512,2,512,12549.918363663497
2048,512,2,1024,12620.393363663497
2048,512,2,2048,12761.343363663498
2048,512,2,3072,12761.43629549524
2048,512,2,4096,12761.529227326982
2048,512,2,8192,12761.900954653951
2048,512,2,16384,12762.644409307888
2048,512,8,16,12486.55845465395
2048,512,8,64,12492.31845465395
2048,512,8,256,12515.358454653951
2048,512,8,512,12550.59595465395
2048,512,8,1024,12621.070954653951
2048,512,8,2048,12762.020954653952
2048,512,8,3072,12762.39268198092
2048,512,8,4096,12762.764409307889
2048,512,8,8192,12764.251318615765
2048,512,8,16384,12767.225137231517
2048,512,32,16,12489.268818615765
2048,512,32,64,12495.028818615765
2048,512,32,256,12518.068818615764
2048,512,32,512,12553.306318615765
2048,512,32,1024,12623.781318615765
2048,512,32,2048,12764.731318615764
2048,512,32,3072,12766.21822792364
2048,512,32,4096,12767.705137231516
2048,512,32,8192,12773.65277446302
2048,512,32,16384,13073.478048926027
2048,512,128,16,12500.43027446302
2048,512,128,64,12506.19027446302
2048,512,128,256,12529.23027446302
2048,512,128,512,12564.46777446302
2048,512,128,1024,12634.94277446302
2048,512,128,2048,12775.89277446302
2048,512,128,3072,13069.770411694524
2048,512,128,4096,13075.718048926028
2048,512,128,8192,13675.368597852043
2048,512,128,16384,14874.66969570407
2048,512,256,16,12527.993048926028
2048,512,256,64,12539.513048926028
2048,512,256,256,12585.593048926028
2048,512,256,512,12656.068048926027
2048,512,256,1024,12797.018048926027
2048,512,256,2048,13078.918048926027
2048,512,256,3072,13378.743323389035
2048,512,256,4096,13678.568597852041
2048,512,256,8192,14877.86969570407
2048,512,256,16384,17276.471891408128
2048,512,512,16,12583.118597852043
2048,512,512,64,12606.158597852042
2048,512,512,256,12698.318597852041
2048,512,512,512,12839.268597852042
2048,512,512,1024,13121.168597852042
2048,512,512,2048,13684.968597852041
2048,512,512,3072,14284.619146778055
2048,512,512,4096,14884.26969570407
2048,512,512,8192,17282.87189140813
2048,512,512,16384,22080.07628281624
2048,512,1024,16,12693.36969570407
2048,512,1024,64,12739.44969570407
2048,512,1024,256,12923.76969570407
2048,512,1024,512,13205.669695704071
2048,512,1024,1024,13769.46969570407
2048,512,1024,2048,14897.06969570407
2048,512,1024,3072,16096.3707935561
2048,512,1024,4096,17295.67189140813
2048,512,1024,8192,22092.876282816243
2048,512,1024,16384,31687.285065632474
2048,512,2048,16,12913.871891408127
2048,512,2048,64,13006.031891408127
2048,512,2048,256,13374.671891408128
2048,512,2048,512,13938.471891408128
2048,512,2048,1024,15066.071891408126
2048,512,2048,2048,17321.271891408127
2048,512,2048,3072,19719.874087112184
2048,512,2048,4096,22118.476282816242
2048,512,2048,8192,31712.885065632472
2048,512,2048,16384,50901.70263126493
2048,2048,0,0,18571.946000000036
2048,2048,1,16,18584.84643183178
2048,2048,1,64,18590.60643183178
2048,2048,1,256,18613.646431831778
2048,2048,1,512,18648.883931831777
2048,2048,1,1024,18719.35893183178
2048,2048,1,2048,18860.30893183178
2048,2048,1,3072,18860.35539774765
2048,2048,1,4096,18860.40186366352
2048,2048,1,8192,18860.587727327005
2048,2048,1,16384,18860.959454653974
2048,2048,2,16,18584.95936366352
2048,2048,2,64,18590.71936366352
2048,2048,2,256,18613.75936366352
2048,2048,2,512,18648.99686366352
2048,2048,2,1024,18719.471863663523
2048,2048,2,2048,18860.42186366352
2048,2048,2,3072,18860.514795495263
2048,2048,2,4096,18860.607727327006
2048,2048,2,8192,18860.979454653974
2048,2048,2,16384,18861.72290930791
2048,2048,8,16,18585.636954653975
2048,2048,8,64,18591.396954653974
2048,2048,8,256,18614.436954653975
2048,2048,8,512,18649.674454653974
2048,2048,8,1024,18720.149454653972
2048,2048,8,2048,18861.099454653973
2048,2048,8,3072,18861.47118198094
2048,2048,8,4096,18861.842909307914
2048,2048,8,8192,18863.329818615788
2048,2048,8,16384,18866.30363723154
2048,2048,32,16,18588.34731861579
2048,2048,32,64,18594.10731861579
2048,2048,32,256,18617.14731861579
2048,2048,32,512,18652.38481861579
2048,2048,32,1024,18722.859818615787
2048,2048,32,2048,18863.809818615788
2048,2048,32,3072,18865.296727923665
2048,2048,32,4096,18866.78363723154
2048,2048,32,8192,18872.731274463044
2048,2048,32,16384,19172.55654892605
2048,2048,128,16,18599.508774463044
2048,2048,128,64,18605.268774463042
2048,2048,128,256,18628.308774463043
2048,2048,128,512,18663.546274463042
2048,2048,128,1024,18734.021274463044
2048,2048,128,2048,18874.971274463045
2048,2048,128,3072,19168.848911694546
2048,2048,128,4096,19174.79654892605
2048,2048,128,8192,19774.447097852066
2048,2048,128,16384,20973.748195704095
2048,2048,256,16,18627.07154892605
2048,2048,256,64,18638.59154892605
2048,2048,256,256,18684.67154892605
2048,2048,256,512,18755.14654892605
2048,2048,256,1024,18896.09654892605
2048,2048,256,2048,19177.99654892605
2048,2048,256,3072,19477.82182338906
2048,2048,256,4096,19777.647097852067
2048,2048,256,8192,20976.948195704095
2048,2048,256,16384,23375.55039140815
2048,2048,512,16,18682.197097852066
2048,2048,512,64,18705.237097852067
2048,2048,512,256,18797.397097852067
2048,2048,512,512,18938.347097852064
2048,2048,512,1024,19220.247097852065
2048,2048,512,2048,19784.047097852064
2048,2048,512,3072,20383.69764677808
2048,2048,512,4096,20983.348195704093
2048,2048,512,8192,23381.95039140815
2048,2048,512,16384,28179.154782816266
2048,2048,1024,16,18792.448195704095
2048,2048,1024,64,18838.528195704093
2048,2048,1024,256,19022.848195704093
2048,2048,1024,512,19304.748195704095
2048,2048,1024,1024,19868.548195704094
2048,2048,1024,2048,20996.148195704092
2048,2048,1024,3072,22195.44929355612
2048,2048,1024,4096,23394.75039140815
2048,2048,1024,8192,28191.95478281627
2048,2048,1024,16384,37786.36356563249
2048,2048,2048,16,19012.95039140815
2048,2048,2048,64,19105.11039140815
2048,2048,2048,256,19473.75039140815
2048,2048,2048,512,20037.550391408153
2048,2048,2048,1024,21165.15039140815
2048,2048,2048,2048,23420.350391408152
2048,2048,2048,3072,25818.95258711221
2048,2048,2048,4096,28217.554782816267
2048,2048,2048,8192,37811.9635656325
2048,2048,2048,16384,57000.78113126496
2048,8192,0,0,44360.945000000116
2048,8192,1,16,44373.84543183186
2048,8192,1,64,44379.60543183186
2048,8192,1,256,44402.64543183186
2048,8192,1,512,44437.88293183186
2048,8192,1,1024,44508.35793183186
2048,8192,1,2048,44649.307931831856
2048,8192,1,3072,44649.35439774773
2048,8192,1,4096,44649.4008636636
2048,8192,1,8192,44649.586727327085
2048,8192,1,16384,44649.95845465406
2048,8192,2,16,44373.9583636636
2048,8192,2,64,44379.718363663604
2048,8192,2,256,44402.7583636636
2048,8192,2,512,44437.9958636636
2048,8192,2,1024,44508.4708636636
2048,8192,2,2048,44649.4208636636
2048,8192,2,3072,44649.513795495346
2048,8192,2,4096,44649.60672732708
2048,8192,2,8192,44649.978454654054
2048,8192,2,16384,44650.72190930799
2048,8192,8,16,44374.635954654055
2048,8192,8,64,44380.39595465406
2048,8192,8,256,44403.43595465405
2048,8192,8,512,44438.673454654054
2048,8192,8,1024,44509.14845465405
2048,8192,8,2048,44650.09845465406
2048,8192,8,3072,44650.47018198102
2048,8192,8,4096,44650.841909307994
2048,8192,8,8192,44652.32881861587
2048,8192,8,16384,44655.302637231616
2048,8192,32,16,44377.34631861587
2048,8192,32,64,44383.106318615864
2048,8192,32,256,44406.146318615865
2048,8192,32,512,44441.38381861587
2048,8192,32,1024,44511.85881861587
2048,8192,32,2048,44652.80881861587
2048,8192,32,3072,44654.295727923745
2048,8192,32,4096,44655.78263723162
2048,8192,32,8192,44661.73027446312
2048,8192,32,16384,44961.55554892613
2048,8192,128,16,44388.50777446312
2048,8192,128,64,44394.26777446312
2048,8192,128,256,44417.30777446312
2048,8192,128,512,44452.545274463126
2048,8192,128,1024,44523.020274463124
2048,8192,128,2048,44663.97027446312
2048,8192,128,3072,44957.847911694626
2048,8192,128,4096,44963.79554892613
2048,8192,128,8192,45563.446097852146
2048,8192,128,16384,46762.74719570417
2048,8192,256,16,44416.07054892613
2048,8192,256,64,44427.59054892613
2048,8192,256,256,44473.67054892613
2048,8192,256,512,44544.14554892613
2048,8192,256,1024,44685.09554892613
2048,8192,256,2048,44966.995548926134
2048,8192,256,3072,45266.820823389135
2048,8192,256,4096,45566.64609785214
2048,8192,256,8192,46765.947195704175
2048,8192,256,16384,49164.54939140823
2048,8192,512,16,44471.196097852146
2048,8192,512,64,44494.23609785215
2048,8192,512,256,44586.39609785214
2048,8192,512,512,44727.34609785215
2048,8192,512,1024,45009.24609785214
2048,8192,512,2048,45573.046097852144
2048,8192,512,3072,46172.69664677816
2048,8192,512,4096,46772.34719570418
2048,8192,512,8192,49170.949391408234
2048,8192,512,16384,53968.15378281634
2048,8192,1024,16,44581.447195704175
2048,8192,1024,64,44627.52719570418
2048,8192,1024,256,44811.84719570418
2048,8192,1024,512,45093.74719570417
2048,8192,1024,1024,45657.547195704174
2048,8192,1024,2048,46785.14719570417
2048,8192,1024,3072,47984.448293556205
2048,8192,1024,4096,49183.74939140823
2048,8192,1024,8192,53980.953782816345
2048,8192,1024,16384,63575.362565632575
2048,8192,2048,16,44801.949391408234
2048,8192,2048,64,44894.10939140823
2048,8192,2048,256,45262.74939140823
2048,8192,2048,512,45826.54939140823
2048,8192,2048,1024,46954.14939140823
2048,8192,2048,2048,49209.34939140823
2048,8192,2048,3072,51607.951587112286
2048,8192,2048,4096,54006.55378281634
2048,8192,2048,8192,63600.96256563258
2048,8192,2048,16384,82789.78013126503
